1498,0,2518,0,1845,0,2248,0,2381,0,1712,0,2048,0,2048,0,2052,0,2044,0,1621,0,2475,0,2686,0,1410,0,2394,0,1702,0,2057,0,2039,0,2048,0,2503,0,512,512,483,514,0,0,0,0,
1498,0,2518,0,1845,0,2248,0,2381,0,1712,0,2048,0,2048,0,2049,0,2040,0,1621,0,2474,0,2685,0,1412,0,2394,0,1703,0,2051,0,2032,0,2048,0,2503,0,512,512,483,514,0,0,0,0,
1498,0,2518,0,1845,0,2248,0,2381,0,1712,0,2048,0,2048,0,2047,0,2037,0,1623,0,2472,0,2681,0,1417,0,2392,0,1705,0,2046,0,2026,0,2048,0,2503,0,512,512,485,515,0,0,0,0,
1498,0,2518,0,1845,0,2248,0,2381,0,1712,0,2048,0,2048,0,2044,0,2034,0,1626,0,2469,0,2674,0,1424,0,2389,0,1708,0,2040,0,2020,0,2048,0,2503,0,512,512,484,514,0,0,0,0,
1498,0,2518,0,1845,0,2248,0,2381,0,1712,0,2048,0,2048,0,2041,0,2031,0,1631,0,2465,0,2666,0,1431,0,2384,0,1712,0,2034,0,2014,0,2048,0,2503,0,512,512,486,517,0,0,0,0,
1498,0,2518,0,1845,0,2248,0,2381,0,1712,0,2048,0,2048,0,2039,0,2028,0,1636,0,2466,0,2654,0,1428,0,2378,0,1711,0,2028,0,2008,0,2048,0,2503,0,512,512,484,520,0,0,0,0,
1498,0,2518,0,1845,0,2248,0,2381,0,1712,0,2048,0,2048,0,2038,0,2024,0,1643,0,2473,0,2641,0,1416,0,2372,0,1704,0,2023,0,2002,0,2048,0,2503,0,512,512,483,520,0,0,0,0,
1498,0,2518,0,1845,0,2248,0,2381,0,1712,0,2048,0,2048,0,2038,0,2021,0,1650,0,2483,0,2626,0,1395,0,2364,0,1694,0,2017,0,1996,0,2048,0,2503,0,512,513,484,518,0,0,0,0,
1498,0,2518,0,1845,0,2248,0,2381,0,1712,0,2048,0,2048,0,2037,0,2016,0,1658,0,2497,0,2609,0,1367,0,2355,0,1679,0,2010,0,1988,0,2048,0,2503,0,512,514,479,516,0,0,0,0,
1498,0,2518,0,1845,0,2248,0,2381,0,1712,0,2048,0,2048,0,2036,0,2010,0,1667,0,2513,0,2591,0,1333,0,2346,0,1662,0,2002,0,1979,0,2048,0,2503,0,512,517,487,517,0,0,0,0,
1498,0,2518,0,1845,0,2248,0,2381,0,1712,0,2048,0,2048,0,2033,0,2001,0,1677,0,2530,0,2572,0,1297,0,2336,0,1644,0,1988,0,1963,0,2048,0,2503,0,512,520,483,513,0,0,0,0,
1498,0,2518,0,1845,0,2248,0,2381,0,1712,0,2048,0,2048,0,2030,0,1991,0,1686,0,2548,0,2553,0,1260,0,2327,0,1625,0,1975,0,1947,0,2048,0,2503,0,512,525,489,505,0,0,0,0,
1498,0,2518,0,1845,0,2248,0,2381,0,1712,0,2048,0,2048,0,2024,0,1979,0,1695,0,2566,0,2534,0,1224,0,2317,0,1606,0,1954,0,1925,0,2048,0,2503,0,512,529,487,502,0,0,0,0,
1498,0,2518,0,1845,0,2248,0,2381,0,1712,0,2048,0,2048,0,2019,0,1969,0,1704,0,2582,0,2515,0,1190,0,2308,0,1588,0,1939,0,1906,0,2048,0,2503,0,511,530,470,512,0,0,0,0,
1498,0,2518,0,1845,0,2248,0,2381,0,1712,0,2048,0,2048,0,2018,0,1963,0,1713,0,2597,0,2498,0,1160,0,2296,0,1576,0,1932,0,1898,0,2048,0,2503,0,510,532,480,492,0,0,0,0,
1498,0,2518,0,1845,0,2248,0,2381,0,1712,0,2048,0,2048,0,2017,0,1957,0,1720,0,2609,0,2485,0,1133,0,2286,0,1565,0,1925,0,1888,0,2048,0,2503,0,512,532,481,503,0,0,0,0,
1498,0,2518,0,1845,0,2248,0,2381,0,1712,0,2048,0,2048,0,2019,0,1954,0,1726,0,2619,0,2472,0,1114,0,2286,0,1548,0,1923,0,1884,0,2048,0,2503,0,513,532,466,512,0,0,0,0,
1498,0,2518,0,1845,0,2248,0,2381,0,1712,0,2048,0,2048,0,2020,0,1953,0,1730,0,2626,0,2463,0,1099,0,2284,0,1538,0,1922,0,1882,0,2048,0,2503,0,512,530,476,497,0,0,0,0,
1498,0,2518,0,1845,0,2248,0,2381,0,1712,0,2048,0,2048,0,2024,0,1955,0,1733,0,2630,0,2458,0,1091,0,2279,0,1537,0,1928,0,1887,0,2048,0,2503,0,512,529,498,489,0,0,0,0,
1498,0,2518,0,1845,0,2248,0,2381,0,1712,0,2048,0,2048,0,2026,0,1956,0,1733,0,2630,0,2457,0,1089,0,2278,0,1536,0,1932,0,1890,0,2048,0,2503,0,512,527,478,510,0,0,0,0,
1498,0,2518,0,1845,0,2248,0,2381,0,1712,0,2048,0,2048,0,2029,0,1960,0,1732,0,2628,0,2460,0,1094,0,2280,0,1538,0,1938,0,1897,0,2048,0,2503,0,513,524,487,512,0,0,0,0,
1498,0,2518,0,1845,0,2248,0,2381,0,1712,0,2048,0,2048,0,2033,0,1967,0,1728,0,2623,0,2467,0,1106,0,2286,0,1541,0,1949,0,1909,0,2048,0,2503,0,513,522,489,522,0,0,0,0,
1498,0,2518,0,1845,0,2248,0,2381,0,1712,0,2048,0,2048,0,2035,0,1973,0,1723,0,2614,0,2477,0,1123,0,2291,0,1550,0,1957,0,1919,0,2048,0,2503,0,513,523,488,519,0,0,0,0,
1498,0,2518,0,1845,0,2248,0,2381,0,1712,0,2048,0,2048,0,2031,0,1973,0,1716,0,2603,0,2491,0,1147,0,2298,0,1563,0,1955,0,1920,0,2048,0,2503,0,513,518,489,518,0,0,0,0,
1498,0,2518,0,1845,0,2248,0,2381,0,1712,0,2048,0,2048,0,2038,0,1985,0,1709,0,2590,0,2507,0,1175,0,2306,0,1577,0,1974,0,1940,0,2048,0,2503,0,514,515,492,514,0,0,0,0,
1498,0,2518,0,1845,0,2248,0,2381,0,1712,0,2048,0,2048,0,2041,0,1993,0,1700,0,2574,0,2523,0,1208,0,2318,0,1591,0,1986,0,1955,0,2048,0,2503,0,514,513,490,522,0,0,0,0,
1498,0,2518,0,1845,0,2248,0,2381,0,1712,0,2048,0,2048,0,2043,0,2001,0,1691,0,2557,0,2542,0,1243,0,2328,0,1609,0,1996,0,1967,0,2048,0,2503,0,514,513,500,518,0,0,0,0,
1498,0,2518,0,1845,0,2248,0,2381,0,1712,0,2048,0,2048,0,2041,0,2006,0,1681,0,2539,0,2561,0,1280,0,2337,0,1628,0,1999,0,1973,0,2048,0,2503,0,513,513,490,526,0,0,0,0,
1498,0,2518,0,1845,0,2248,0,2381,0,1712,0,2048,0,2048,0,2039,0,2010,0,1672,0,2521,0,2581,0,1316,0,2344,0,1650,0,2003,0,1979,0,2048,0,2503,0,512,514,490,525,0,0,0,0,
1498,0,2518,0,1845,0,2248,0,2381,0,1712,0,2048,0,2048,0,2036,0,2012,0,1663,0,2504,0,2600,0,1350,0,2351,0,1671,0,2004,0,1982,0,2048,0,2503,0,510,513,493,512,0,0,0,0,
1498,0,2518,0,1845,0,2248,0,2381,0,1712,0,2048,0,2048,0,2037,0,2018,0,1654,0,2489,0,2618,0,1380,0,2354,0,1693,0,2012,0,1990,0,2048,0,2503,0,510,512,487,518,0,0,0,0,
1498,0,2518,0,1845,0,2248,0,2381,0,1712,0,2048,0,2048,0,2038,0,2023,0,1646,0,2477,0,2635,0,1405,0,2362,0,1706,0,2020,0,1999,0,2048,0,2503,0,509,512,482,513,0,0,0,0,
1498,0,2518,0,1845,0,2248,0,2381,0,1712,0,2048,0,2048,0,2039,0,2026,0,1639,0,2469,0,2650,0,1421,0,2366,0,1717,0,2025,0,2005,0,2048,0,2503,0,510,513,473,525,0,0,0,0,
1498,0,2518,0,1845,0,2248,0,2381,0,1712,0,2048,0,2048,0,2039,0,2029,0,1633,0,2465,0,2661,0,1430,0,2375,0,1718,0,2028,0,2008,0,2048,0,2503,0,512,514,478,513,0,0,0,0,
1498,0,2518,0,1845,0,2248,0,2381,0,1712,0,2048,0,2048,0,2040,0,2030,0,1628,0,2467,0,2670,0,1428,0,2387,0,1711,0,2031,0,2011,0,2048,0,2503,0,512,514,454,559,0,0,0,0,
1498,0,2518,0,1845,0,2248,0,2381,0,1712,0,2048,0,2048,0,2043,0,2033,0,1624,0,2471,0,2678,0,1420,0,2390,0,1706,0,2037,0,2017,0,2048,0,2503,0,520,509,430,591,0,0,0,0,
1498,0,2518,0,1845,0,2248,0,2381,0,1712,0,2048,0,2048,0,2053,0,2044,0,1622,0,2473,0,2676,0,1421,0,2417,0,1680,0,2058,0,2039,0,2048,0,2503,0,517,504,524,561,0,0,0,0,
1498,0,2518,0,1845,0,2248,0,2381,0,1712,0,2048,0,2048,0,2065,0,2057,0,1621,0,2475,0,2682,0,1414,0,2409,0,1687,0,2083,0,2065,0,2048,0,2503,0,515,497,464,569,0,0,0,0,
1498,0,2518,0,1845,0,2248,0,2381,0,1712,0,2048,0,2048,0,2081,0,2072,0,1622,0,2475,0,2682,0,1413,0,2402,0,1693,0,2114,0,2095,0,2048,0,2503,0,514,495,515,541,0,0,0,0,
1498,0,2518,0,1845,0,2248,0,2381,0,1712,0,2048,0,2048,0,2087,0,2077,0,1624,0,2473,0,2678,0,1416,0,2397,0,1698,0,2126,0,2106,0,2048,0,2503,0,513,495,497,549,0,0,0,0,
1498,0,2518,0,1845,0,2248,0,2381,0,1712,0,2048,0,2048,0,2090,0,2080,0,1627,0,2470,0,2672,0,1422,0,2391,0,1704,0,2132,0,2112,0,2048,0,2503,0,511,497,496,512,0,0,0,0,
1498,0,2518,0,1845,0,2248,0,2381,0,1712,0,2048,0,2048,0,2090,0,2080,0,1631,0,2465,0,2665,0,1430,0,2381,0,1715,0,2132,0,2112,0,2048,0,2503,0,511,497,507,519,0,0,0,0,
1498,0,2518,0,1845,0,2248,0,2381,0,1712,0,2048,0,2048,0,2093,0,2082,0,1630,0,2460,0,2668,0,1442,0,2382,0,1721,0,2138,0,2118,0,2048,0,2503,0,512,497,490,545,0,0,0,0,
1498,0,2518,0,1845,0,2248,0,2381,0,1712,0,2048,0,2048,0,2097,0,2083,0,1623,0,2453,0,2680,0,1455,0,2392,0,1724,0,2144,0,2123,0,2048,0,2503,0,513,496,469,530,0,0,0,0,
1498,0,2518,0,1845,0,2248,0,2381,0,1712,0,2048,0,2048,0,2101,0,2084,0,1613,0,2446,0,2701,0,1470,0,2405,0,1729,0,2153,0,2132,0,2048,0,2503,0,515,497,485,552,0,0,0,0,
1498,0,2518,0,1845,0,2248,0,2381,0,1712,0,2048,0,2048,0,2104,0,2083,0,1599,0,2438,0,2727,0,1489,0,2426,0,1732,0,2155,0,2133,0,2048,0,2503,0,518,499,482,542,0,0,0,0,
1498,0,2518,0,1845,0,2248,0,2381,0,1712,0,2048,0,2048,0,2104,0,2078,0,1583,0,2429,0,2758,0,1510,0,2452,0,1732,0,2154,0,2131,0,2048,0,2503,0,514,504,479,510,0,0,0,0,
1498,0,2518,0,1845,0,2248,0,2381,0,1712,0,2048,0,2048,0,2100,0,2068,0,1566,0,2419,0,2798,0,1525,0,2458,0,1754,0,2143,0,2118,0,2048,0,2503,0,512,505,474,539,0,0,0,0,
1498,0,2518,0,1845,0,2248,0,2381,0,1712,0,2048,0,2048,0,2103,0,2064,0,1548,0,2410,0,2836,0,1543,0,2471,0,1769,0,2146,0,2118,0,2048,0,2503,0,512,506,477,543,0,0,0,0,
1498,0,2518,0,1845,0,2248,0,2381,0,1712,0,2048,0,2048,0,2106,0,2061,0,1530,0,2401,0,2872,0,1562,0,2490,0,1779,0,2148,0,2119,0,2048,0,2503,0,509,505,485,544,0,0,0,0,
1498,0,2518,0,1845,0,2248,0,2381,0,1712,0,2048,0,2048,0,2110,0,2060,0,1514,0,2392,0,2908,0,1579,0,2499,0,1797,0,2157,0,2124,0,2048,0,2503,0,512,504,481,551,0,0,0,0,
1498,0,2518,0,1845,0,2248,0,2381,0,1712,0,2048,0,2048,0,2116,0,2061,0,1499,0,2383,0,2936,0,1598,0,2523,0,1797,0,2164,0,2130,0,2048,0,2503,0,514,505,486,514,0,0,0,0,
1498,0,2518,0,1845,0,2248,0,2381,0,1712,0,2048,0,2048,0,2117,0,2057,0,1487,0,2376,0,2961,0,1613,0,2543,0,1798,0,2165,0,2128,0,2048,0,2503,0,514,506,475,466,0,0,0,0,
1498,0,2518,0,1845,0,2248,0,2381,0,1712,0,2048,0,2048,0,2119,0,2054,0,1477,0,2370,0,2981,0,1625,0,2554,0,1804,0,2166,0,2127,0,2048,0,2503,0,513,509,499,504,0,0,0,0,
1498,0,2518,0,1845,0,2248,0,2381,0,1712,0,2048,0,2048,0,2115,0,2048,0,1470,0,2366,0,2997,0,1633,0,2558,0,1812,0,2158,0,2118,0,2048,0,2503,0,513,509,482,514,0,0,0,0,
1498,0,2518,0,1845,0,2248,0,2381,0,1712,0,2048,0,2048,0,2116,0,2047,0,1466,0,2363,0,3005,0,1638,0,2562,0,1814,0,2159,0,2118,0,2048,0,2503,0,513,506,503,520,0,0,0,0,
1498,0,2518,0,1845,0,2248,0,2381,0,1712,0,2048,0,2048,0,2122,0,2052,0,1466,0,2363,0,3007,0,1639,0,2563,0,1815,0,2170,0,2128,0,2048,0,2503,0,513,505,503,520,0,0,0,0,
1498,0,2518,0,1845,0,2248,0,2381,0,1712,0,2048,0,2048,0,2122,0,2053,0,1468,0,2364,0,3002,0,1636,0,2561,0,1813,0,2172,0,2131,0,2048,0,2503,0,514,506,498,532,0,0,0,0,
1498,0,2518,0,1845,0,2248,0,2381,0,1712,0,2048,0,2048,0,2119,0,2053,0,1473,0,2368,0,2989,0,1630,0,2558,0,1807,0,2167,0,2127,0,2048,0,2503,0,514,510,499,525,0,0,0,0,
1498,0,2518,0,1845,0,2248,0,2381,0,1712,0,2048,0,2048,0,2110,0,2048,0,1482,0,2373,0,2972,0,1620,0,2549,0,1802,0,2150,0,2112,0,2048,0,2503,0,515,512,490,518,0,0,0,0,
1498,0,2518,0,1845,0,2248,0,2381,0,1712,0,2048,0,2048,0,2105,0,2047,0,1493,0,2380,0,2947,0,1607,0,2539,0,1792,0,2140,0,2105,0,2048,0,2503,0,518,513,506,506,0,0,0,0,
1498,0,2518,0,1845,0,2248,0,2381,0,1712,0,2048,0,2048,0,2100,0,2047,0,1506,0,2387,0,2916,0,1594,0,2534,0,1775,0,2133,0,2099,0,2048,0,2503,0,520,513,492,516,0,0,0,0,
1498,0,2518,0,1845,0,2248,0,2381,0,1712,0,2048,0,2048,0,2097,0,2049,0,1522,0,2396,0,2882,0,1579,0,2523,0,1760,0,2128,0,2097,0,2048,0,2503,0,515,514,506,516,0,0,0,0,
1498,0,2518,0,1845,0,2248,0,2381,0,1712,0,2048,0,2048,0,2091,0,2049,0,1539,0,2405,0,2852,0,1555,0,2490,0,1765,0,2120,0,2091,0,2048,0,2503,0,513,515,505,524,0,0,0,0,
1498,0,2518,0,1845,0,2248,0,2381,0,1712,0,2048,0,2048,0,2084,0,2049,0,1557,0,2415,0,2817,0,1534,0,2465,0,1762,0,2110,0,2084,0,2048,0,2503,0,512,515,493,525,0,0,0,0,
1498,0,2518,0,1845,0,2248,0,2381,0,1712,0,2048,0,2048,0,2080,0,2051,0,1575,0,2424,0,2780,0,1515,0,2443,0,1755,0,2104,0,2080,0,2048,0,2503,0,512,513,495,524,0,0,0,0,
1498,0,2518,0,1845,0,2248,0,2381,0,1712,0,2048,0,2048,0,2080,0,2056,0,1592,0,2433,0,2746,0,1496,0,2425,0,1745,0,2105,0,2083,0,2048,0,2503,0,512,512,497,534,0,0,0,0,
1498,0,2518,0,1845,0,2248,0,2381,0,1712,0,2048,0,2048,0,2077,0,2058,0,1607,0,2442,0,2715,0,1479,0,2409,0,1736,0,2103,0,2081,0,2048,0,2503,0,512,511,498,530,0,0,0,0,
1498,0,2518,0,1845,0,2248,0,2381,0,1712,0,2048,0,2048,0,2074,0,2059,0,1619,0,2450,0,2690,0,1462,0,2396,0,1728,0,2100,0,2079,0,2048,0,2503,0,511,510,495,535,0,0,0,0,
1498,0,2518,0,1845,0,2248,0,2381,0,1712,0,2048,0,2048,0,2073,0,2060,0,1627,0,2457,0,2673,0,1448,0,2385,0,1724,0,2097,0,2077,0,2048,0,2503,0,509,509,492,531,0,0,0,0,
1498,0,2518,0,1845,0,2248,0,2381,0,1712,0,2048,0,2048,0,2071,0,2061,0,1631,0,2463,0,2667,0,1434,0,2375,0,1724,0,2095,0,2075,0,2048,0,2503,0,507,506,504,530,0,0,0,0,
1498,0,2518,0,1845,0,2248,0,2381,0,1712,0,2048,0,2048,0,2073,0,2063,0,1629,0,2468,0,2672,0,1422,0,2370,0,1724,0,2099,0,2079,0,2048,0,2503,0,510,505,484,540,0,0,0,0,
1498,0,2518,0,1845,0,2248,0,2381,0,1712,0,2048,0,2048,0,2071,0,2061,0,1625,0,2472,0,2677,0,1417,0,2384,0,1712,0,2096,0,2076,0,2048,0,2503,0,509,500,496,532,0,0,0,0,
1498,0,2518,0,1845,0,2248,0,2381,0,1712,0,2048,0,2048,0,2077,0,2068,0,1623,0,2474,0,2684,0,1411,0,2383,0,1712,0,2107,0,2088,0,2048,0,2503,0,507,496,485,532,0,0,0,0,
1498,0,2518,0,1845,0,2248,0,2381,0,1712,0,2048,0,2048,0,2080,0,2071,0,1621,0,2475,0,2689,0,1407,0,2379,0,1717,0,2114,0,2095,0,2048,0,2503,0,511,499,511,480,0,0,0,0,
1498,0,2518,0,1845,0,2248,0,2381,0,1712,0,2048,0,2048,0,2073,0,2065,0,1621,0,2475,0,2686,0,1410,0,2391,0,1705,0,2100,0,2082,0,2048,0,2503,0,522,507,455,448,0,0,0,0,
1498,0,2518,0,1845,0,2248,0,2381,0,1712,0,2048,0,2048,0,2057,0,2048,0,1621,0,2474,0,2676,0,1421,0,2424,0,1673,0,2067,0,2048,0,2048,0,2503,0,524,513,509,501,0,0,0,0,
1498,0,2518,0,1845,0,2248,0,2381,0,1712,0,2048,0,2048,0,2046,0,2036,0,1623,0,2472,0,2670,0,1428,0,2428,0,1669,0,2043,0,2023,0,2048,0,2503,0,520,517,506,471,0,0,0,0,
1498,0,2518,0,1845,0,2248,0,2381,0,1712,0,2048,0,2048,0,2036,0,2026,0,1626,0,2469,0,2667,0,1431,0,2413,0,1684,0,2024,0,2004,0,2048,0,2503,0,513,518,499,473,0,0,0,0,
1498,0,2518,0,1845,0,2248,0,2381,0,1712,0,2048,0,2048,0,2031,0,2021,0,1631,0,2465,0,2666,0,1431,0,2387,0,1709,0,2014,0,1994,0,2048,0,2503,0,510,519,503,500,0,0,0,0,
1498,0,2518,0,1845,0,2248,0,2381,0,1712,0,2048,0,2048,0,2028,0,2017,0,1636,0,2466,0,2655,0,1427,0,2372,0,1717,0,2005,0,1985,0,2048,0,2503,0,509,522,494,512,0,0,0,0,
1498,0,2518,0,1845,0,2248,0,2381,0,1712,0,2048,0,2048,0,2022,0,2008,0,1643,0,2473,0,2643,0,1414,0,2363,0,1713,0,1990,0,1969,0,2048,0,2503,0,510,523,488,512,0,0,0,0,
1498,0,2518,0,1845,0,2248,0,2381,0,1712,0,2048,0,2048,0,2020,0,2003,0,1650,0,2483,0,2627,0,1394,0,2358,0,1700,0,1981,0,1960,0,2048,0,2503,0,512,522,485,516,0,0,0,0,
1498,0,2518,0,1845,0,2248,0,2381,0,1712,0,2048,0,2048,0,2022,0,2001,0,1658,0,2497,0,2609,0,1367,0,2355,0,1679,0,1980,0,1958,0,2048,0,2503,0,512,518,494,519,0,0,0,0,
1498,0,2518,0,1845,0,2248,0,2381,0,1712,0,2048,0,2048,0,2029,0,2003,0,1667,0,2513,0,2591,0,1333,0,2346,0,1662,0,1988,0,1965,0,2048,0,2503,0,512,518,483,514,0,0,0,0,
1498,0,2518,0,1845,0,2248,0,2381,0,1712,0,2048,0,2048,0,2031,0,1999,0,1677,0,2530,0,2572,0,1297,0,2336,0,1644,0,1984,0,1959,0,2048,0,2503,0,511,518,498,503,0,0,0,0,
1498,0,2518,0,1845,0,2248,0,2381,0,1712,0,2048,0,2048,0,2033,0,1994,0,1686,0,2548,0,2553,0,1260,0,2324,0,1628,0,1981,0,1953,0,2048,0,2503,0,512,520,489,505,0,0,0,0,
1498,0,2518,0,1845,0,2248,0,2381,0,1712,0,2048,0,2048,0,2032,0,1987,0,1695,0,2566,0,2534,0,1224,0,2317,0,1606,0,1971,0,1942,0,2048,0,2503,0,512,523,489,509,0,0,0,0,
1498,0,2518,0,1845,0,2248,0,2381,0,1712,0,2048,0,2048,0,2029,0,1979,0,1704,0,2582,0,2515,0,1190,0,2308,0,1588,0,1959,0,1926,0,2048,0,2503,0,512,523,490,486,0,0,0,0,
1498,0,2518,0,1845,0,2248,0,2381,0,1712,0,2048,0,2048,0,2030,0,1975,0,1713,0,2597,0,2498,0,1160,0,2299,0,1573,0,1956,0,1922,0,2048,0,2503,0,512,523,481,490,0,0,0,0,
1498,0,2518,0,1845,0,2248,0,2381,0,1712,0,2048,0,2048,0,2032,0,1972,0,1720,0,2609,0,2484,0,1134,0,2292,0,1559,0,1955,0,1918,0,2048,0,2503,0,514,522,471,502,0,0,0,0,
1498,0,2518,0,1845,0,2248,0,2381,0,1712,0,2048,0,2048,0,2036,0,1971,0,1726,0,2619,0,2471,0,1115,0,2292,0,1542,0,1956,0,1917,0,2048,0,2503,0,517,522,500,492,0,0,0,0,
1498,0,2518,0,1845,0,2248,0,2381,0,1712,0,2048,0,2048,0,2037,0,1970,0,1730,0,2626,0,2459,0,1103,0,2296,0,1526,0,1955,0,1915,0,2048,0,2503,0,517,519,493,514,0,0,0,0,
1498,0,2518,0,1845,0,2248,0,2381,0,1712,0,2048,0,2048,0,2043,0,1974,0,1733,0,2630,0,2454,0,1095,0,2294,0,1522,0,1965,0,1924,0,2048,0,2503,0,514,518,486,515,0,0,0,0,
1498,0,2518,0,1845,0,2248,0,2381,0,1712,0,2048,0,2048,0,2044,0,1974,0,1733,0,2630,0,2456,0,1090,0,2284,0,1530,0,1968,0,1926,0,2048,0,2503,0,515,517,488,515,0,0,0,0,
1498,0,2518,0,1845,0,2248,0,2381,0,1712,0,2048,0,2048,0,2046,0,1977,0,1732,0,2628,0,2458,0,1096,0,2289,0,1529,0,1972,0,1931,0,2048,0,2503,0,517,515,496,503,0,0,0,0,
1498,0,2518,0,1845,0,2248,0,2381,0,1712,0,2048,0,2048,0,2048,0,1982,0,1728,0,2623,0,2463,0,1110,0,2298,0,1529,0,1979,0,1939,0,2048,0,2503,0,518,513,505,500,0,0,0,0,
1498,0,2518,0,1845,0,2248,0,2381,0,1712,0,2048,0,2048,0,2050,0,1988,0,1723,0,2614,0,2472,0,1128,0,2306,0,1535,0,1987,0,1949,0,2048,0,2503,0,518,512,501,523,0,0,0,0,
1498,0,2518,0,1845,0,2248,0,2381,0,1712,0,2048,0,2048,0,2049,0,1991,0,1716,0,2603,0,2486,0,1152,0,2313,0,1548,0,1991,0,1956,0,2048,0,2503,0,517,509,503,517,0,0,0,0,
1498,0,2518,0,1845,0,2248,0,2381,0,1712,0,2048,0,2048,0,2053,0,2000,0,1709,0,2590,0,2503,0,1179,0,2318,0,1565,0,2004,0,1970,0,2048,0,2503,0,513,506,504,512,0,0,0,0,
1498,0,2518,0,1845,0,2248,0,2381,0,1712,0,2048,0,2048,0,2056,0,2008,0,1700,0,2574,0,2524,0,1207,0,2315,0,1594,0,2016,0,1985,0,2048,0,2503,0,512,505,515,524,0,0,0,0,
1498,0,2518,0,1845,0,2248,0,2381,0,1712,0,2048,0,2048,0,2055,0,2013,0,1691,0,2557,0,2543,0,1242,0,2322,0,1615,0,2022,0,1993,0,2048,0,2503,0,512,505,506,514,0,0,0,0,
1498,0,2518,0,1845,0,2248,0,2381,0,1712,0,2048,0,2048,0,2053,0,2018,0,1681,0,2539,0,2562,0,1279,0,2331,0,1634,0,2025,0,1999,0,2048,0,2503,0,510,505,503,506,0,0,0,0,
1498,0,2518,0,1845,0,2248,0,2381,0,1712,0,2048,0,2048,0,2051,0,2022,0,1672,0,2521,0,2582,0,1315,0,2335,0,1659,0,2029,0,2005,0,2048,0,2503,0,509,506,497,503,0,0,0,0,
1498,0,2518,0,1845,0,2248,0,2381,0,1712,0,2048,0,2048,0,2049,0,2025,0,1663,0,2504,0,2602,0,1348,0,2342,0,1680,0,2030,0,2008,0,2048,0,2503,0,510,507,493,498,0,0,0,0,
1498,0,2518,0,1845,0,2248,0,2381,0,1712,0,2048,0,2048,0,2046,0,2027,0,1654,0,2489,0,2618,0,1380,0,2354,0,1693,0,2031,0,2009,0,2048,0,2503,0,509,506,498,516,0,0,0,0,
1498,0,2518,0,1845,0,2248,0,2381,0,1712,0,2048,0,2048,0,2048,0,2033,0,1646,0,2477,0,2636,0,1404,0,2359,0,1709,0,2040,0,2019,0,2048,0,2503,0,509,506,489,508,0,0,0,0,
1498,0,2518,0,1845,0,2248,0,2381,0,1712,0,2048,0,2048,0,2049,0,2036,0,1639,0,2469,0,2650,0,1421,0,2366,0,1717,0,2045,0,2025,0,2048,0,2503,0,507,509,483,504,0,0,0,0,
1498,0,2518,0,1845,0,2248,0,2381,0,1712,0,2048,0,2048,0,2045,0,2035,0,1633,0,2465,0,2664,0,1427,0,2366,0,1727,0,2041,0,2021,0,2048,0,2503,0,507,512,483,496,0,0,0,0,
1498,0,2518,0,1845,0,2248,0,2381,0,1712,0,2048,0,2048,0,2043,0,2033,0,1628,0,2467,0,2674,0,1424,0,2372,0,1726,0,2037,0,2017,0,2048,0,2503,0,505,514,486,491,0,0,0,0,
1498,0,2518,0,1845,0,2248,0,2381,0,1712,0,2048,0,2048,0,2043,0,2033,0,1624,0,2471,0,2684,0,1414,0,2369,0,1727,0,2037,0,2017,0,2048,0,2503,0,504,518,482,496,0,0,0,0,
1498,0,2518,0,1845,0,2248,0,2381,0,1712,0,2048,0,2048,0,2038,0,2029,0,1622,0,2473,0,2690,0,1407,0,2369,0,1728,0,2028,0,2009,0,2048,0,2503,0,502,520,466,504,0,0,0,0,
1498,0,2518,0,1845,0,2248,0,2381,0,1712,0,2048,0,2048,0,2039,0,2031,0,1621,0,2475,0,2695,0,1401,0,2364,0,1732,0,2031,0,2013,0,2048,0,2503,0,507,522,471,513,0,0,0,0,
1498,0,2518,0,1845,0,2248,0,2381,0,1712,0,2048,0,2048,0,2040,0,2031,0,1622,0,2475,0,2688,0,1407,0,2378,0,1717,0,2031,0,2012,0,2048,0,2503,0,520,517,499,531,0,0,0,0,
1498,0,2518,0,1845,0,2248,0,2381,0,1712,0,2048,0,2048,0,2051,0,2041,0,1624,0,2473,0,2672,0,1422,0,2415,0,1680,0,2054,0,2034,0,2048,0,2503,0,522,512,463,554,0,0,0,0,
1498,0,2518,0,1845,0,2248,0,2381,0,1712,0,2048,0,2048,0,2062,0,2052,0,1627,0,2470,0,2663,0,1431,0,2418,0,1677,0,2076,0,2056,0,2048,0,2503,0,517,507,474,561,0,0,0,0,
1498,0,2518,0,1845,0,2248,0,2381,0,1712,0,2048,0,2048,0,2073,0,2063,0,1631,0,2465,0,2661,0,1434,0,2399,0,1697,0,2098,0,2078,0,2048,0,2503,0,513,505,511,520,0,0,0,0,
1498,0,2518,0,1845,0,2248,0,2381,0,1712,0,2048,0,2048,0,2079,0,2068,0,1630,0,2460,0,2668,0,1442,0,2388,0,1715,0,2111,0,2091,0,2048,0,2503,0,511,502,487,512,0,0,0,0,
1498,0,2518,0,1845,0,2248,0,2381,0,1712,0,2048,0,2048,0,2088,0,2074,0,1623,0,2453,0,2680,0,1455,0,2389,0,1727,0,2127,0,2106,0,2048,0,2503,0,511,501,484,539,0,0,0,0,
1498,0,2518,0,1845,0,2248,0,2381,0,1712,0,2048,0,2048,0,2093,0,2076,0,1613,0,2446,0,2701,0,1470,0,2399,0,1735,0,2136,0,2115,0,2048,0,2503,0,512,500,472,530,0,0,0,0,
1498,0,2518,0,1845,0,2248,0,2381,0,1712,0,2048,0,2048,0,2099,0,2078,0,1599,0,2438,0,2729,0,1487,0,2417,0,1741,0,2145,0,2123,0,2048,0,2503,0,512,502,481,514,0,0,0,0,
1498,0,2518,0,1845,0,2248,0,2381,0,1712,0,2048,0,2048,0,2099,0,2073,0,1583,0,2429,0,2763,0,1505,0,2434,0,1750,0,2144,0,2121,0,2048,0,2503,0,513,502,503,516,0,0,0,0,
1498,0,2518,0,1845,0,2248,0,2381,0,1712,0,2048,0,2048,0,2103,0,2071,0,1566,0,2419,0,2799,0,1524,0,2455,0,1757,0,2150,0,2125,0,2048,0,2503,0,512,502,475,532,0,0,0,0,
1498,0,2518,0,1845,0,2248,0,2381,0,1712,0,2048,0,2048,0,2108,0,2069,0,1548,0,2410,0,2836,0,1543,0,2471,0,1769,0,2156,0,2128,0,2048,0,2503,0,511,502,484,526,0,0,0,0,
1498,0,2518,0,1845,0,2248,0,2381,0,1712,0,2048,0,2048,0,2112,0,2067,0,1530,0,2401,0,2872,0,1562,0,2487,0,1782,0,2161,0,2132,0,2048,0,2503,0,512,501,486,520,0,0,0,0,
1498,0,2518,0,1845,0,2248,0,2381,0,1712,0,2048,0,2048,0,2117,0,2067,0,1514,0,2392,0,2906,0,1581,0,2508,0,1788,0,2170,0,2137,0,2048,0,2503,0,512,500,490,562,0,0,0,0,
1498,0,2518,0,1845,0,2248,0,2381,0,1712,0,2048,0,2048,0,2123,0,2068,0,1499,0,2383,0,2936,0,1598,0,2523,0,1797,0,2178,0,2144,0,2048,0,2503,0,513,497,493,522,0,0,0,0,
1498,0,2518,0,1845,0,2248,0,2381,0,1712,0,2048,0,2048,0,2131,0,2071,0,1487,0,2376,0,2962,0,1612,0,2540,0,1801,0,2192,0,2155,0,2048,0,2503,0,517,497,480,531,0,0,0,0,
1498,0,2518,0,1845,0,2248,0,2381,0,1712,0,2048,0,2048,0,2134,0,2069,0,1477,0,2370,0,2978,0,1628,0,2563,0,1795,0,2196,0,2157,0,2048,0,2503,0,517,499,475,519,0,0,0,0,
1498,0,2518,0,1845,0,2248,0,2381,0,1712,0,2048,0,2048,0,2131,0,2064,0,1470,0,2366,0,2993,0,1637,0,2570,0,1800,0,2191,0,2151,0,2048,0,2503,0,517,500,494,528,0,0,0,0,
1498,0,2518,0,1845,0,2248,0,2381,0,1712,0,2048,0,2048,0,2131,0,2062,0,1466,0,2363,0,3001,0,1642,0,2574,0,1802,0,2189,0,2148,0,2048,0,2503,0,518,502,494,530,0,0,0,0,
1498,0,2518,0,1845,0,2248,0,2381,0,1712,0,2048,0,2048,0,2128,0,2058,0,1466,0,2363,0,3002,0,1644,0,2578,0,1800,0,2183,0,2141,0,2048,0,2503,0,519,504,464,524,0,0,0,0,
1498,0,2518,0,1845,0,2248,0,2381,0,1712,0,2048,0,2048,0,2124,0,2055,0,1468,0,2364,0,2996,0,1642,0,2579,0,1795,0,2175,0,2134,0,2048,0,2503,0,523,504,480,516,0,0,0,0,
1498,0,2518,0,1845,0,2248,0,2381,0,1712,0,2048,0,2048,0,2122,0,2056,0,1473,0,2368,0,2980,0,1639,0,2585,0,1780,0,2173,0,2133,0,2048,0,2503,0,524,507,488,518,0,0,0,0,
1498,0,2518,0,1845,0,2248,0,2381,0,1712,0,2048,0,2048,0,2115,0,2053,0,1482,0,2373,0,2962,0,1630,0,2579,0,1772,0,2160,0,2122,0,2048,0,2503,0,527,512,487,508,0,0,0,0,
1498,0,2518,0,1845,0,2248,0,2381,0,1712,0,2048,0,2048,0,2105,0,2047,0,1493,0,2380,0,2935,0,1619,0,2575,0,1756,0,2140,0,2105,0,2048,0,2503,0,523,515,495,510,0,0,0,0,
1498,0,2518,0,1845,0,2248,0,2381,0,1712,0,2048,0,2048,0,2096,0,2043,0,1506,0,2387,0,2911,0,1599,0,2549,0,1760,0,2126,0,2092,0,2048,0,2503,0,518,518,499,511,0,0,0,0,
1498,0,2518,0,1845,0,2248,0,2381,0,1712,0,2048,0,2048,0,2088,0,2040,0,1522,0,2396,0,2884,0,1577,0,2517,0,1766,0,2111,0,2080,0,2048,0,2503,0,514,518,468,521,0,0,0,0,
1498,0,2518,0,1845,0,2248,0,2381,0,1712,0,2048,0,2048,0,2084,0,2042,0,1539,0,2405,0,2853,0,1554,0,2487,0,1768,0,2106,0,2077,0,2048,0,2503,0,517,519,491,507,0,0,0,0,
1498,0,2518,0,1845,0,2248,0,2381,0,1712,0,2048,0,2048,0,2078,0,2043,0,1557,0,2415,0,2813,0,1538,0,2477,0,1750,0,2097,0,2071,0,2048,0,2503,0,519,519,500,521,0,0,0,0,
1498,0,2518,0,1845,0,2248,0,2381,0,1712,0,2048,0,2048,0,2074,0,2045,0,1575,0,2424,0,2774,0,1521,0,2464,0,1734,0,2091,0,2067,0,2048,0,2503,0,518,520,494,529,0,0,0,0,
1498,0,2518,0,1845,0,2248,0,2381,0,1712,0,2048,0,2048,0,2068,0,2044,0,1592,0,2433,0,2741,0,1501,0,2443,0,1727,0,2082,0,2060,0,2048,0,2503,0,519,520,492,533,0,0,0,0,
1498,0,2518,0,1845,0,2248,0,2381,0,1712,0,2048,0,2048,0,2064,0,2045,0,1607,0,2442,0,2709,0,1485,0,2430,0,1715,0,2077,0,2055,0,2048,0,2503,0,518,519,507,517,0,0,0,0,
1498,0,2518,0,1845,0,2248,0,2381,0,1712,0,2048,0,2048,0,2062,0,2047,0,1619,0,2450,0,2685,0,1467,0,2414,0,1710,0,2074,0,2053,0,2048,0,2503,0,518,519,498,534,0,0,0,0,
1498,0,2518,0,1845,0,2248,0,2381,0,1712,0,2048,0,2048,0,2059,0,2046,0,1627,0,2457,0,2668,0,1453,0,2406,0,1703,0,2068,0,2048,0,2048,0,2503,0,515,518,498,527,0,0,0,0,
1498,0,2518,0,1845,0,2248,0,2381,0,1712,0,2048,0,2048,0,2056,0,2046,0,1631,0,2463,0,2663,0,1438,0,2393,0,1706,0,2065,0,2045,0,2048,0,2503,0,517,515,489,526,0,0,0,0,
1498,0,2518,0,1845,0,2248,0,2381,0,1712,0,2048,0,2048,0,2058,0,2048,0,1629,0,2468,0,2664,0,1430,0,2400,0,1694,0,2069,0,2049,0,2048,0,2503,0,515,513,503,514,0,0,0,0,
1498,0,2518,0,1845,0,2248,0,2381,0,1712,0,2048,0,2048,0,2059,0,2049,0,1625,0,2472,0,2674,0,1420,0,2399,0,1697,0,2070,0,2050,0,2048,0,2503,0,515,512,480,497,0,0,0,0,
1498,0,2518,0,1845,0,2248,0,2381,0,1712,0,2048,0,2048,0,2057,0,2048,0,1623,0,2474,0,2680,0,1415,0,2401,0,1694,0,2067,0,2048,0,2048,0,2503,0,525,514,467,493,0,0,0,0,
1498,0,2518,0,1845,0,2248,0,2381,0,1712,0,2048,0,2048,0,2051,0,2042,0,1621,0,2475,0,2673,0,1423,0,2433,0,1663,0,2055,0,2036,0,2048,0,2503,0,525,517,528,486,0,0,0,0,
1498,0,2518,0,1845,0,2248,0,2381,0,1712,0,2048,0,2048,0,2044,0,2036,0,1621,0,2475,0,2674,0,1422,0,2433,0,1663,0,2041,0,2023,0,2048,0,2503,0,527,520,501,479,0,0,0,0,
1498,0,2518,0,1845,0,2248,0,2381,0,1712,0,2048,0,2048,0,2036,0,2027,0,1621,0,2474,0,2671,0,1426,0,2439,0,1658,0,2025,0,2006,0,2048,0,2503,0,523,524,524,491,0,0,0,0,
1498,0,2518,0,1845,0,2248,0,2381,0,1712,0,2048,0,2048,0,2027,0,2017,0,1623,0,2472,0,2671,0,1427,0,2425,0,1672,0,2006,0,1986,0,2048,0,2503,0,519,525,519,497,0,0,0,0,
1498,0,2518,0,1845,0,2248,0,2381,0,1712,0,2048,0,2048,0,2023,0,2013,0,1626,0,2469,0,2668,0,1430,0,2410,0,1687,0,1997,0,1977,0,2048,0,2503,0,518,523,518,507,0,0,0,0,
1498,0,2518,0,1845,0,2248,0,2381,0,1712,0,2048,0,2048,0,2023,0,2013,0,1631,0,2465,0,2661,0,1436,0,2402,0,1694,0,1998,0,1978,0,2048,0,2503,0,518,518,519,511,0,0,0,0,
1498,0,2518,0,1845,0,2248,0,2381,0,1712,0,2048,0,2048,0,2029,0,2018,0,1636,0,2466,0,2649,0,1433,0,2396,0,1693,0,2008,0,1988,0,2048,0,2503,0,518,515,514,513,0,0,0,0,
1498,0,2518,0,1845,0,2248,0,2381,0,1712,0,2048,0,2048,0,2033,0,2019,0,1643,0,2473,0,2636,0,1421,0,2390,0,1686,0,2013,0,1992,0,2048,0,2503,0,518,514,513,513,0,0,0,0,
1498,0,2518,0,1845,0,2248,0,2381,0,1712,0,2048,0,2048,0,2035,0,2018,0,1650,0,2483,0,2621,0,1400,0,2382,0,1676,0,2011,0,1990,0,2048,0,2503,0,517,514,516,512,0,0,0,0,
1498,0,2518,0,1845,0,2248,0,2381,0,1712,0,2048,0,2048,0,2035,0,2014,0,1658,0,2497,0,2605,0,1371,0,2370,0,1664,0,2007,0,1985,0,2048,0,2503,0,515,514,518,512,0,0,0,0,
1498,0,2518,0,1845,0,2248,0,2381,0,1712,0,2048,0,2048,0,2036,0,2010,0,1667,0,2513,0,2589,0,1335,0,2355,0,1653,0,2002,0,1979,0,2048,0,2503,0,514,515,520,509,0,0,0,0,
1498,0,2518,0,1845,0,2248,0,2381,0,1712,0,2048,0,2048,0,2036,0,2004,0,1677,0,2530,0,2571,0,1298,0,2342,0,1638,0,1994,0,1969,0,2048,0,2503,0,513,515,515,496,0,0,0,0,
1498,0,2518,0,1845,0,2248,0,2381,0,1712,0,2048,0,2048,0,2038,0,1999,0,1686,0,2548,0,2553,0,1260,0,2330,0,1622,0,1991,0,1963,0,2048,0,2503,0,512,517,512,495,0,0,0,0,
1498,0,2518,0,1845,0,2248,0,2381,0,1712,0,2048,0,2048,0,2037,0,1992,0,1695,0,2566,0,2534,0,1224,0,2317,0,1606,0,1981,0,1952,0,2048,0,2503,0,513,519,512,503,0,0,0,0,
1498,0,2518,0,1845,0,2248,0,2381,0,1712,0,2048,0,2048,0,2036,0,1986,0,1704,0,2582,0,2515,0,1190,0,2311,0,1585,0,1972,0,1939,0,2048,0,2503,0,514,520,515,496,0,0,0,0,
1498,0,2518,0,1845,0,2248,0,2381,0,1712,0,2048,0,2048,0,2035,0,1980,0,1713,0,2597,0,2497,0,1161,0,2305,0,1567,0,1966,0,1932,0,2048,0,2503,0,515,523,507,498,0,0,0,0,
1498,0,2518,0,1845,0,2248,0,2381,0,1712,0,2048,0,2048,0,2032,0,1972,0,1720,0,2609,0,2482,0,1136,0,2301,0,1550,0,1955,0,1918,0,2048,0,2503,0,518,524,511,513,0,0,0,0,
1498,0,2518,0,1845,0,2248,0,2381,0,1712,0,2048,0,2048,0,2032,0,1967,0,1726,0,2619,0,2467,0,1119,0,2304,0,1530,0,1949,0,1910,0,2048,0,2503,0,518,527,502,499,0,0,0,0,
1498,0,2518,0,1845,0,2248,0,2381,0,1712,0,2048,0,2048,0,2028,0,1961,0,1730,0,2626,0,2458,0,1104,0,2299,0,1523,0,1938,0,1898,0,2048,0,2503,0,520,527,510,512,0,0,0,0,
1498,0,2518,0,1845,0,2248,0,2381,0,1712,0,2048,0,2048,0,2029,0,1960,0,1733,0,2630,0,2451,0,1098,0,2303,0,1513,0,1938,0,1897,0,2048,0,2503,0,523,528,504,504,0,0,0,0,
1498,0,2518,0,1845,0,2248,0,2381,0,1712,0,2048,0,2048,0,2028,0,1958,0,1733,0,2630,0,2447,0,1099,0,2311,0,1503,0,1935,0,1893,0,2048,0,2503,0,523,529,527,527,0,0,0,0,
1498,0,2518,0,1845,0,2248,0,2381,0,1712,0,2048,0,2048,0,2026,0,1957,0,1732,0,2628,0,2450,0,1104,0,2313,0,1505,0,1932,0,1891,0,2048,0,2503,0,524,528,515,536,0,0,0,0,
1498,0,2518,0,1845,0,2248,0,2381,0,1712,0,2048,0,2048,0,2027,0,1961,0,1728,0,2623,0,2456,0,1117,0,2319,0,1508,0,1936,0,1896,0,2048,0,2503,0,524,527,519,534,0,0,0,0,
1498,0,2518,0,1845,0,2248,0,2381,0,1712,0,2048,0,2048,0,2026,0,1964,0,1723,0,2614,0,2466,0,1134,0,2324,0,1517,0,1940,0,1902,0,2048,0,2503,0,523,524,521,535,0,0,0,0,
1498,0,2518,0,1845,0,2248,0,2381,0,1712,0,2048,0,2048,0,2029,0,1971,0,1716,0,2603,0,2481,0,1157,0,2328,0,1533,0,1951,0,1916,0,2048,0,2503,0,517,519,534,527,0,0,0,0,
1498,0,2518,0,1845,0,2248,0,2381,0,1712,0,2048,0,2048,0,2037,0,1984,0,1709,0,2590,0,2503,0,1179,0,2318,0,1565,0,1971,0,1937,0,2048,0,2503,0,511,514,519,535,0,0,0,0,
1498,0,2518,0,1845,0,2248,0,2381,0,1712,0,2048,0,2048,0,2043,0,1995,0,1700,0,2574,0,2524,0,1207,0,2309,0,1600,0,1990,0,1959,0,2048,0,2503,0,506,512,510,548,0,0,0,0,
1498,0,2518,0,1845,0,2248,0,2381,0,1712,0,2048,0,2048,0,2044,0,2002,0,1691,0,2557,0,2548,0,1237,0,2304,0,1633,0,1999,0,1970,0,2048,0,2503,0,510,511,524,525,0,0,0,0,
1498,0,2518,0,1845,0,2248,0,2381,0,1712,0,2048,0,2048,0,2043,0,2008,0,1681,0,2539,0,2563,0,1278,0,2325,0,1640,0,2005,0,1979,0,2048,0,2503,0,511,510,518,522,0,0,0,0,
1498,0,2518,0,1845,0,2248,0,2381,0,1712,0,2048,0,2048,0,2043,0,2014,0,1672,0,2521,0,2581,0,1316,0,2338,0,1656,0,2012,0,1988,0,2048,0,2503,0,509,510,519,544,0,0,0,0,
1498,0,2518,0,1845,0,2248,0,2381,0,1712,0,2048,0,2048,0,2042,0,2018,0,1663,0,2504,0,2602,0,1348,0,2342,0,1680,0,2016,0,1994,0,2048,0,2503,0,506,509,526,528,0,0,0,0,
1498,0,2518,0,1845,0,2248,0,2381,0,1712,0,2048,0,2048,0,2043,0,2024,0,1654,0,2489,0,2622,0,1376,0,2342,0,1705,0,2025,0,2003,0,2048,0,2503,0,505,509,519,525,0,0,0,0,
1498,0,2518,0,1845,0,2248,0,2381,0,1712,0,2048,0,2048,0,2043,0,2028,0,1646,0,2477,0,2640,0,1400,0,2347,0,1721,0,2030,0,2009,0,2048,0,2503,0,504,507,516,514,0,0,0,0,
1498,0,2518,0,1845,0,2248,0,2381,0,1712,0,2048,0,2048,0,2047,0,2034,0,1639,0,2469,0,2655,0,1416,0,2351,0,1732,0,2041,0,2021,0,2048,0,2503,0,504,507,506,546,0,0,0,0,
1498,0,2518,0,1845,0,2248,0,2381,0,1712,0,2048,0,2048,0,2048,0,2038,0,1633,0,2465,0,2667,0,1424,0,2357,0,1736,0,2047,0,2027,0,2048,0,2503,0,507,509,504,555,0,0,0,0,
1498,0,2518,0,1845,0,2248,0,2381,0,1712,0,2048,0,2048,0,2048,0,2038,0,1628,0,2467,0,2674,0,1424,0,2372,0,1726,0,2047,0,2027,0,2048,0,2503,0,512,507,545,545,0,0,0,0,
1498,0,2518,0,1845,0,2248,0,2381,0,1712,0,2048,0,2048,0,2054,0,2044,0,1624,0,2471,0,2678,0,1420,0,2390,0,1706,0,2059,0,2039,0,2048,0,2503,0,512,507,512,542,0,0,0,0,
1498,0,2518,0,1845,0,2248,0,2381,0,1712,0,2048,0,2048,0,2056,0,2047,0,1622,0,2473,0,2683,0,1414,0,2393,0,1704,0,2064,0,2045,0,2048,0,2503,0,512,504,539,559,0,0,0,0,
1498,0,2518,0,1845,0,2248,0,2381,0,1712,0,2048,0,2048,0,2065,0,2057,0,1621,0,2475,0,2686,0,1410,0,2394,0,1702,0,2083,0,2065,0,2048,0,2503,0,511,501,518,518,0,0,0,0,
1498,0,2518,0,1845,0,2248,0,2381,0,1712,0,2048,0,2048,0,2074,0,2065,0,1622,0,2475,0,2684,0,1411,0,2390,0,1705,0,2100,0,2081,0,2048,0,2503,0,510,500,523,530,0,0,0,0,
1498,0,2518,0,1845,0,2248,0,2381,0,1712,0,2048,0,2048,0,2079,0,2069,0,1624,0,2473,0,2680,0,1414,0,2385,0,1710,0,2110,0,2090,0,2048,0,2503,0,509,497,522,528,0,0,0,0,
1498,0,2518,0,1845,0,2248,0,2381,0,1712,0,2048,0,2048,0,2087,0,2077,0,1627,0,2470,0,2674,0,1420,0,2379,0,1716,0,2126,0,2106,0,2048,0,2503,0,505,499,520,522,0,0,0,0,
1498,0,2518,0,1845,0,2248,0,2381,0,1712,0,2048,0,2048,0,2086,0,2076,0,1631,0,2465,0,2671,0,1424,0,2363,0,1733,0,2125,0,2105,0,2048,0,2503,0,504,502,512,521,0,0,0,0,
1498,0,2518,0,1845,0,2248,0,2381,0,1712,0,2048,0,2048,0,2084,0,2073,0,1630,0,2460,0,2675,0,1435,0,2361,0,1742,0,2121,0,2101,0,2048,0,2503,0,504,507,509,514,0,0,0,0,
1498,0,2518,0,1845,0,2248,0,2381,0,1712,0,2048,0,2048,0,2080,0,2066,0,1623,0,2453,0,2687,0,1448,0,2368,0,1748,0,2110,0,2089,0,2048,0,2503,0,505,510,512,523,0,0,0,0,
1498,0,2518,0,1845,0,2248,0,2381,0,1712,0,2048,0,2048,0,2078,0,2061,0,1613,0,2446,0,2707,0,1464,0,2381,0,1753,0,2106,0,2085,0,2048,0,2503,0,506,511,515,522,0,0,0,0,
1498,0,2518,0,1845,0,2248,0,2381,0,1712,0,2048,0,2048,0,2080,0,2059,0,1599,0,2438,0,2734,0,1482,0,2399,0,1759,0,2108,0,2086,0,2048,0,2503,0,506,511,512,527,0,0,0,0,
1498,0,2518,0,1845,0,2248,0,2381,0,1712,0,2048,0,2048,0,2084,0,2058,0,1583,0,2429,0,2768,0,1500,0,2416,0,1768,0,2114,0,2091,0,2048,0,2503,0,505,510,506,529,0,0,0,0,
1498,0,2518,0,1845,0,2248,0,2381,0,1712,0,2048,0,2048,0,2090,0,2058,0,1566,0,2419,0,2805,0,1518,0,2431,0,1781,0,2123,0,2098,0,2048,0,2503,0,504,507,503,535,0,0,0,0,
1498,0,2518,0,1845,0,2248,0,2381,0,1712,0,2048,0,2048,0,2100,0,2061,0,1548,0,2410,0,2843,0,1536,0,2447,0,1793,0,2139,0,2111,0,2048,0,2503,0,504,506,500,529,0,0,0,0,
1498,0,2518,0,1845,0,2248,0,2381,0,1712,0,2048,0,2048,0,2106,0,2061,0,1530,0,2401,0,2879,0,1555,0,2466,0,1803,0,2148,0,2119,0,2048,0,2503,0,502,505,500,530,0,0,0,0,
1498,0,2518,0,1845,0,2248,0,2381,0,1712,0,2048,0,2048,0,2110,0,2060,0,1514,0,2392,0,2915,0,1572,0,2478,0,1818,0,2157,0,2124,0,2048,0,2503,0,501,502,503,521,0,0,0,0,
1498,0,2518,0,1845,0,2248,0,2381,0,1712,0,2048,0,2048,0,2119,0,2064,0,1499,0,2383,0,2946,0,1588,0,2490,0,1830,0,2171,0,2137,0,2048,0,2503,0,505,501,473,530,0,0,0,0,
1498,0,2518,0,1845,0,2248,0,2381,0,1712,0,2048,0,2048,0,2124,0,2064,0,1487,0,2376,0,2968,0,1606,0,2516,0,1825,0,2178,0,2141,0,2048,0,2503,0,506,501,503,509,0,0,0,0,
1498,0,2518,0,1845,0,2248,0,2381,0,1712,0,2048,0,2048,0,2127,0,2062,0,1477,0,2370,0,2987,0,1619,0,2530,0,1828,0,2182,0,2143,0,2048,0,2503,0,506,502,511,512,0,0,0,0,
1498,0,2518,0,1845,0,2248,0,2381,0,1712,0,2048,0,2048,0,2126,0,2059,0,1470,0,2366,0,3002,0,1628,0,2537,0,1833,0,2181,0,2141,0,2048,0,2503,0,505,504,502,514,0,0,0,0,
1498,0,2518,0,1845,0,2248,0,2381,0,1712,0,2048,0,2048,0,2124,0,2055,0,1466,0,2363,0,3011,0,1632,0,2538,0,1838,0,2175,0,2134,0,2048,0,2503,0,506,504,492,511,0,0,0,0,
1498,0,2518,0,1845,0,2248,0,2381,0,1712,0,2048,0,2048,0,2125,0,2055,0,1466,0,2363,0,3012,0,1634,0,2542,0,1836,0,2176,0,2134,0,2048,0,2503,0,506,504,500,513,0,0,0,0,
1498,0,2518,0,1845,0,2248,0,2381,0,1712,0,2048,0,2048,0,2124,0,2055,0,1468,0,2364,0,3007,0,1631,0,2540,0,1834,0,2175,0,2134,0,2048,0,2503,0,506,507,506,506,0,0,0,0,
1498,0,2518,0,1845,0,2248,0,2381,0,1712,0,2048,0,2048,0,2117,0,2051,0,1473,0,2368,0,2995,0,1624,0,2534,0,1831,0,2163,0,2123,0,2048,0,2503,0,506,512,513,510,0,0,0,0,
1498,0,2518,0,1845,0,2248,0,2381,0,1712,0,2048,0,2048,0,2107,0,2045,0,1482,0,2373,0,2978,0,1614,0,2525,0,1826,0,2144,0,2106,0,2048,0,2503,0,506,514,505,511,0,0,0,0,
1498,0,2518,0,1845,0,2248,0,2381,0,1712,0,2048,0,2048,0,2102,0,2044,0,1493,0,2380,0,2954,0,1600,0,2512,0,1819,0,2134,0,2099,0,2048,0,2503,0,505,517,508,507,0,0,0,0,
1498,0,2518,0,1845,0,2248,0,2381,0,1712,0,2048,0,2048,0,2093,0,2040,0,1506,0,2387,0,2927,0,1583,0,2495,0,1814,0,2120,0,2086,0,2048,0,2503,0,506,518,515,506,0,0,0,0,
1498,0,2518,0,1845,0,2248,0,2381,0,1712,0,2048,0,2048,0,2088,0,2040,0,1522,0,2396,0,2894,0,1567,0,2481,0,1802,0,2111,0,2080,0,2048,0,2503,0,507,519,500,512,0,0,0,0,
1498,0,2518,0,1845,0,2248,0,2381,0,1712,0,2048,0,2048,0,2083,0,2041,0,1539,0,2405,0,2858,0,1549,0,2466,0,1789,0,2103,0,2074,0,2048,0,2503,0,506,520,503,515,0,0,0,0,
1498,0,2518,0,1845,0,2248,0,2381,0,1712,0,2048,0,2048,0,2076,0,2041,0,1557,0,2415,0,2822,0,1529,0,2444,0,1783,0,2094,0,2068,0,2048,0,2503,0,506,520,503,518,0,0,0,0,
1498,0,2518,0,1845,0,2248,0,2381,0,1712,0,2048,0,2048,0,2072,0,2043,0,1575,0,2424,0,2785,0,1510,0,2425,0,1773,0,2088,0,2064,0,2048,0,2503,0,506,520,503,522,0,0,0,0,
1498,0,2518,0,1845,0,2248,0,2381,0,1712,0,2048,0,2048,0,2068,0,2044,0,1592,0,2433,0,2751,0,1491,0,2407,0,1763,0,2082,0,2060,0,2048,0,2503,0,505,520,496,514,0,0,0,0,
1498,0,2518,0,1845,0,2248,0,2381,0,1712,0,2048,0,2048,0,2064,0,2045,0,1607,0,2442,0,2721,0,1473,0,2388,0,1757,0,2077,0,2055,0,2048,0,2503,0,502,520,489,518,0,0,0,0,
1498,0,2518,0,1845,0,2248,0,2381,0,1712,0,2048,0,2048,0,2060,0,2045,0,1619,0,2450,0,2699,0,1453,0,2366,0,1758,0,2071,0,2050,0,2048,0,2503,0,501,518,483,535,0,0,0,0,
1498,0,2518,0,1845,0,2248,0,2381,0,1712,0,2048,0,2048,0,2060,0,2047,0,1627,0,2457,0,2683,0,1438,0,2355,0,1754,0,2071,0,2051,0,2048,0,2503,0,499,517,481,537,0,0,0,0,
1498,0,2518,0,1845,0,2248,0,2381,0,1712,0,2048,0,2048,0,2058,0,2048,0,1631,0,2463,0,2677,0,1424,0,2345,0,1754,0,2069,0,2049,0,2048,0,2503,0,499,517,481,518,0,0,0,0,
1498,0,2518,0,1845,0,2248,0,2381,0,1712,0,2048,0,2048,0,2055,0,2045,0,1629,0,2468,0,2680,0,1414,0,2346,0,1748,0,2063,0,2043,0,2048,0,2503,0,501,514,458,539,0,0,0,0,
1498,0,2518,0,1845,0,2248,0,2381,0,1712,0,2048,0,2048,0,2057,0,2047,0,1625,0,2472,0,2686,0,1408,0,2357,0,1739,0,2067,0,2047,0,2048,0,2503,0,501,512,477,530,0,0,0,0,
1498,0,2518,0,1845,0,2248,0,2381,0,1712,0,2048,0,2048,0,2057,0,2048,0,1623,0,2474,0,2692,0,1403,0,2359,0,1736,0,2067,0,2048,0,2048,0,2503,0,505,510,464,533,0,0,0,0,
1498,0,2518,0,1845,0,2248,0,2381,0,1712,0,2048,0,2048,0,2057,0,2048,0,1621,0,2475,0,2691,0,1405,0,2373,0,1723,0,2067,0,2048,0,2048,0,2503,0,507,506,474,519,0,0,0,0,
1498,0,2518,0,1845,0,2248,0,2381,0,1712,0,2048,0,2048,0,2062,0,2054,0,1621,0,2475,0,2690,0,1406,0,2379,0,1717,0,2077,0,2059,0,2048,0,2503,0,510,504,474,518,0,0,0,0,
1498,0,2518,0,1845,0,2248,0,2381,0,1712,0,2048,0,2048,0,2062,0,2053,0,1621,0,2474,0,2686,0,1411,0,2388,0,1709,0,2077,0,2058,0,2048,0,2503,0,510,502,479,520,0,0,0,0,
1498,0,2518,0,1845,0,2248,0,2381,0,1712,0,2048,0,2048,0,2063,0,2053,0,1623,0,2472,0,2682,0,1416,0,2386,0,1711,0,2079,0,2059,0,2048,0,2503,0,510,501,479,513,0,0,0,0,
1498,0,2518,0,1845,0,2248,0,2381,0,1712,0,2048,0,2048,0,2062,0,2052,0,1626,0,2469,0,2675,0,1423,0,2383,0,1714,0,2076,0,2056,0,2048,0,2503,0,509,504,479,506,0,0,0,0,
1498,0,2518,0,1845,0,2248,0,2381,0,1712,0,2048,0,2048,0,2054,0,2044,0,1631,0,2465,0,2668,0,1429,0,2375,0,1721,0,2060,0,2040,0,2048,0,2503,0,510,509,508,505,0,0,0,0,
1498,0,2518,0,1845,0,2248,0,2381,0,1712,0,2048,0,2048,0,2044,0,2033,0,1636,0,2466,0,2655,0,1427,0,2372,0,1717,0,2038,0,2018,0,2048,0,2503,0,511,512,490,499,0,0,0,0,
1498,0,2518,0,1845,0,2248,0,2381,0,1712,0,2048,0,2048,0,2038,0,2024,0,1643,0,2473,0,2641,0,1416,0,2369,0,1707,0,2023,0,2002,0,2048,0,2503,0,510,513,495,503,0,0,0,0,
1498,0,2518,0,1845,0,2248,0,2381,0,1712,0,2048,0,2048,0,2037,0,2020,0,1650,0,2483,0,2627,0,1394,0,2358,0,1700,0,2014,0,1993,0,2048,0,2503,0,509,513,505,505,0,0,0,0,
1498,0,2518,0,1845,0,2248,0,2381,0,1712,0,2048,0,2048,0,2037,0,2016,0,1658,0,2497,0,2611,0,1365,0,2346,0,1688,0,2010,0,1988,0,2048,0,2503,0,507,515,498,521,0,0,0,0,
1498,0,2518,0,1845,0,2248,0,2381,0,1712,0,2048,0,2048,0,2034,0,2008,0,1667,0,2513,0,2595,0,1329,0,2331,0,1677,0,1998,0,1975,0,2048,0,2503,0,507,518,507,507,0,0,0,0,
1498,0,2518,0,1845,0,2248,0,2381,0,1712,0,2048,0,2048,0,2031,0,1999,0,1677,0,2530,0,2576,0,1293,0,2321,0,1659,0,1984,0,1959,0,2048,0,2503,0,507,520,499,514,0,0,0,0,
1498,0,2518,0,1845,0,2248,0,2381,0,1712,0,2048,0,2048,0,2030,0,1991,0,1686,0,2548,0,2557,0,1256,0,2312,0,1640,0,1975,0,1947,0,2048,0,2503,0,507,524,496,523,0,0,0,0,
1498,0,2518,0,1845,0,2248,0,2381,0,1712,0,2048,0,2048,0,2025,0,1980,0,1695,0,2566,0,2538,0,1220,0,2302,0,1621,0,1957,0,1928,0,2048,0,2503,0,509,528,496,506,0,0,0,0,
1498,0,2518,0,1845,0,2248,0,2381,0,1712,0,2048,0,2048,0,2021,0,1971,0,1704,0,2582,0,2517,0,1188,0,2299,0,1597,0,1942,0,1909,0,2048,0,2503,0,509,532,493,499,0,0,0,0,
1498,0,2518,0,1845,0,2248,0,2381,0,1712,0,2048,0,2048,0,2015,0,1960,0,1713,0,2597,0,2500,0,1158,0,2290,0,1582,0,1926,0,1892,0,2048,0,2503,0,507,532,488,500,0,0,0,0,
1498,0,2518,0,1845,0,2248,0,2381,0,1712,0,2048,0,2048,0,2017,0,1957,0,1720,0,2609,0,2488,0,1130,0,2277,0,1574,0,1925,0,1888,0,2048,0,2503,0,506,528,496,506,0,0,0,0,
1498,0,2518,0,1845,0,2248,0,2381,0,1712,0,2048,0,2048,0,2026,0,1961,0,1726,0,2619,0,2477,0,1109,0,2268,0,1566,0,1936,0,1897,0,2048,0,2503,0,506,527,481,512,0,0,0,0,
1498,0,2518,0,1845,0,2248,0,2381,0,1712,0,2048,0,2048,0,2028,0,1961,0,1730,0,2626,0,2468,0,1094,0,2263,0,1559,0,1938,0,1898,0,2048,0,2503,0,505,528,482,507,0,0,0,0,
1498,0,2518,0,1845,0,2248,0,2381,0,1712,0,2048,0,2048,0,2028,0,1959,0,1733,0,2630,0,2464,0,1085,0,2258,0,1558,0,1935,0,1894,0,2048,0,2503,0,506,525,500,517,0,0,0,0,
1498,0,2518,0,1845,0,2248,0,2381,0,1712,0,2048,0,2048,0,2033,0,1963,0,1733,0,2630,0,2462,0,1084,0,2260,0,1554,0,1945,0,1903,0,2048,0,2503,0,506,522,487,506,0,0,0,0,
1498,0,2518,0,1845,0,2248,0,2381,0,1712,0,2048,0,2048,0,2038,0,1969,0,1732,0,2628,0,2465,0,1089,0,2262,0,1556,0,1955,0,1914,0,2048,0,2503,0,506,515,488,515,0,0,0,0,
1498,0,2518,0,1845,0,2248,0,2381,0,1712,0,2048,0,2048,0,2048,0,1982,0,1728,0,2623,0,2472,0,1101,0,2265,0,1562,0,1979,0,1939,0,2048,0,2503,0,507,514,487,529,0,0,0,0,
1498,0,2518,0,1845,0,2248,0,2381,0,1712,0,2048,0,2048,0,2048,0,1986,0,1723,0,2614,0,2481,0,1119,0,2273,0,1568,0,1984,0,1946,0,2048,0,2503,0,506,513,496,520,0,0,0,0,
1498,0,2518,0,1845,0,2248,0,2381,0,1712,0,2048,0,2048,0,2048,0,1990,0,1716,0,2603,0,2496,0,1142,0,2277,0,1584,0,1988,0,1953,0,2048,0,2503,0,505,513,503,525,0,0,0,0,
1498,0,2518,0,1845,0,2248,0,2381,0,1712,0,2048,0,2048,0,2047,0,1994,0,1709,0,2590,0,2513,0,1169,0,2282,0,1601,0,1991,0,1957,0,2048,0,2503,0,506,512,497,522,0,0,0,0,
1498,0,2518,0,1845,0,2248,0,2381,0,1712,0,2048,0,2048,0,2046,0,1998,0,1700,0,2574,0,2529,0,1202,0,2294,0,1615,0,1996,0,1965,0,2048,0,2503,0,507,509,490,517,0,0,0,0,
1498,0,2518,0,1845,0,2248,0,2381,0,1712,0,2048,0,2048,0,2049,0,2007,0,1691,0,2557,0,2547,0,1238,0,2307,0,1630,0,2009,0,1980,0,2048,0,2503,0,506,507,496,520,0,0,0,0,
1498,0,2518,0,1845,0,2248,0,2381,0,1712,0,2048,0,2048,0,2050,0,2015,0,1681,0,2539,0,2567,0,1274,0,2313,0,1652,0,2018,0,1992,0,2048,0,2503,0,505,506,480,523,0,0,0,0,
1498,0,2518,0,1845,0,2248,0,2381,0,1712,0,2048,0,2048,0,2050,0,2021,0,1672,0,2521,0,2587,0,1310,0,2320,0,1674,0,2026,0,2002,0,2048,0,2503,0,504,506,487,523,0,0,0,0,
1498,0,2518,0,1845,0,2248,0,2381,0,1712,0,2048,0,2048,0,2049,0,2025,0,1663,0,2504,0,2607,0,1343,0,2327,0,1695,0,2030,0,2008,0,2048,0,2503,0,504,506,483,525,0,0,0,0,
1498,0,2518,0,1845,0,2248,0,2381,0,1712,0,2048,0,2048,0,2048,0,2029,0,1654,0,2489,0,2624,0,1374,0,2336,0,1711,0,2035,0,2013,0,2048,0,2503,0,504,507,479,512,0,0,0,0,
1498,0,2518,0,1845,0,2248,0,2381,0,1712,0,2048,0,2048,0,2046,0,2031,0,1646,0,2477,0,2641,0,1399,0,2344,0,1724,0,2036,0,2015,0,2048,0,2503,0,504,507,492,526,0,0,0,0,
1498,0,2518,0,1845,0,2248,0,2381,0,1712,0,2048,0,2048,0,2047,0,2034,0,1639,0,2469,0,2655,0,1416,0,2351,0,1732,0,2041,0,2021,0,2048,0,2503,0,505,506,475,516,0,0,0,0,
1498,0,2518,0,1845,0,2248,0,2381,0,1712,0,2048,0,2048,0,2050,0,2040,0,1633,0,2465,0,2666,0,1425,0,2360,0,1733,0,2051,0,2031,0,2048,0,2503,0,505,507,474,516,0,0,0,0,
1498,0,2518,0,1845,0,2248,0,2381,0,1712,0,2048,0,2048,0,2051,0,2041,0,1628,0,2467,0,2676,0,1422,0,2366,0,1732,0,2053,0,2033,0,2048,0,2503,0,506,510,467,512,0,0,0,0,
1498,0,2518,0,1845,0,2248,0,2381,0,1712,0,2048,0,2048,0,2049,0,2039,0,1624,0,2471,0,2683,0,1415,0,2372,0,1724,0,2049,0,2029,0,2048,0,2503,0,507,511,456,508,0,0,0,0,
1498,0,2518,0,1845,0,2248,0,2381,0,1712,0,2048,0,2048,0,2049,0,2040,0,1622,0,2473,0,2687,0,1410,0,2378,0,1719,0,2051,0,2032,0,2048,0,2503,0,505,512,449,521,0,0,0,0,
1498,0,2518,0,1845,0,2248,0,2381,0,1712,0,2048,0,2048,0,2052,0,2044,0,1621,0,2475,0,2692,0,1404,0,2373,0,1723,0,2057,0,2039,0,2048,0,2503,0,505,512,464,535,0,0,0,0,
1498,0,2518,0,1845,0,2248,0,2381,0,1712,0,2048,0,2048,0,2056,0,2047,0,1622,0,2475,0,2690,0,1405,0,2372,0,1723,0,2064,0,2045,0,2048,0,2503,0,510,510,448,544,0,0,0,0,
1498,0,2518,0,1845,0,2248,0,2381,0,1712,0,2048,0,2048,0,2062,0,2052,0,1624,0,2473,0,2680,0,1414,0,2385,0,1710,0,2076,0,2056,0,2048,0,2503,0,505,506,467,530,0,0,0,0,
1498,0,2518,0,1845,0,2248,0,2381,0,1712,0,2048,0,2048,0,2072,0,2062,0,1627,0,2470,0,2678,0,1416,0,2367,0,1728,0,2096,0,2076,0,2048,0,2503,0,504,502,478,531,0,0,0,0,
1498,0,2518,0,1845,0,2248,0,2381,0,1712,0,2048,0,2048,0,2081,0,2071,0,1631,0,2465,0,2672,0,1423,0,2360,0,1736,0,2115,0,2095,0,2048,0,2503,0,504,505,486,500,0,0,0,0,
1498,0,2518,0,1845,0,2248,0,2381,0,1712,0,2048,0,2048,0,2079,0,2068,0,1630,0,2460,0,2675,0,1435,0,2361,0,1742,0,2111,0,2091,0,2048,0,2503,0,509,507,472,524,0,0,0,0,
1498,0,2518,0,1845,0,2248,0,2381,0,1712,0,2048,0,2048,0,2080,0,2066,0,1623,0,2453,0,2682,0,1453,0,2383,0,1733,0,2110,0,2089,0,2048,0,2503,0,510,509,481,541,0,0,0,0,
1498,0,2518,0,1845,0,2248,0,2381,0,1712,0,2048,0,2048,0,2080,0,2063,0,1613,0,2446,0,2702,0,1469,0,2396,0,1738,0,2110,0,2089,0,2048,0,2503,0,510,509,474,530,0,0,0,0,
1498,0,2518,0,1845,0,2248,0,2381,0,1712,0,2048,0,2048,0,2084,0,2063,0,1599,0,2438,0,2730,0,1486,0,2411,0,1747,0,2115,0,2093,0,2048,0,2503,0,510,507,467,524,0,0,0,0,
1498,0,2518,0,1845,0,2248,0,2381,0,1712,0,2048,0,2048,0,2091,0,2065,0,1583,0,2429,0,2764,0,1504,0,2428,0,1756,0,2127,0,2104,0,2048,0,2503,0,509,507,463,533,0,0,0,0,
1498,0,2518,0,1845,0,2248,0,2381,0,1712,0,2048,0,2048,0,2095,0,2063,0,1566,0,2419,0,2801,0,1522,0,2443,0,1769,0,2133,0,2108,0,2048,0,2503,0,509,507,458,537,0,0,0,0,
1498,0,2518,0,1845,0,2248,0,2381,0,1712,0,2048,0,2048,0,2100,0,2061,0,1548,0,2410,0,2838,0,1541,0,2462,0,1778,0,2139,0,2111,0,2048,0,2503,0,510,506,462,531,0,0,0,0,
1498,0,2518,0,1845,0,2248,0,2381,0,1712,0,2048,0,2048,0,2106,0,2061,0,1530,0,2401,0,2873,0,1561,0,2484,0,1785,0,2148,0,2119,0,2048,0,2503,0,510,505,464,539,0,0,0,0,
1498,0,2518,0,1845,0,2248,0,2381,0,1712,0,2048,0,2048,0,2110,0,2060,0,1514,0,2392,0,2907,0,1580,0,2502,0,1794,0,2157,0,2124,0,2048,0,2503,0,511,504,458,526,0,0,0,0,
1498,0,2518,0,1845,0,2248,0,2381,0,1712,0,2048,0,2048,0,2116,0,2061,0,1499,0,2383,0,2936,0,1598,0,2520,0,1800,0,2164,0,2130,0,2048,0,2503,0,512,502,460,541,0,0,0,0,
1498,0,2518,0,1845,0,2248,0,2381,0,1712,0,2048,0,2048,0,2122,0,2062,0,1487,0,2376,0,2962,0,1612,0,2537,0,1804,0,2175,0,2138,0,2048,0,2503,0,512,502,460,526,0,0,0,0,
1498,0,2518,0,1845,0,2248,0,2381,0,1712,0,2048,0,2048,0,2125,0,2060,0,1477,0,2370,0,2982,0,1624,0,2548,0,1810,0,2179,0,2140,0,2048,0,2503,0,512,504,445,544,0,0,0,0,
1498,0,2518,0,1845,0,2248,0,2381,0,1712,0,2048,0,2048,0,2123,0,2056,0,1470,0,2366,0,2997,0,1633,0,2555,0,1815,0,2174,0,2134,0,2048,0,2503,0,510,504,468,514,0,0,0,0,
1498,0,2518,0,1845,0,2248,0,2381,0,1712,0,2048,0,2048,0,2124,0,2055,0,1466,0,2363,0,3006,0,1637,0,2553,0,1823,0,2175,0,2134,0,2048,0,2503,0,510,502,471,527,0,0,0,0,
1498,0,2518,0,1845,0,2248,0,2381,0,1712,0,2048,0,2048,0,2128,0,2058,0,1466,0,2363,0,3008,0,1638,0,2554,0,1824,0,2183,0,2141,0,2048,0,2503,0,510,502,468,524,0,0,0,0,
1498,0,2518,0,1845,0,2248,0,2381,0,1712,0,2048,0,2048,0,2127,0,2058,0,1468,0,2364,0,3003,0,1635,0,2552,0,1822,0,2182,0,2141,0,2048,0,2503,0,512,504,468,514,0,0,0,0,
1498,0,2518,0,1845,0,2248,0,2381,0,1712,0,2048,0,2048,0,2122,0,2056,0,1473,0,2368,0,2990,0,1629,0,2552,0,1813,0,2173,0,2133,0,2048,0,2503,0,512,509,465,518,0,0,0,0,
1498,0,2518,0,1845,0,2248,0,2381,0,1712,0,2048,0,2048,0,2112,0,2050,0,1482,0,2373,0,2973,0,1619,0,2543,0,1808,0,2154,0,2116,0,2048,0,2503,0,512,512,466,513,0,0,0,0,
1498,0,2518,0,1845,0,2248,0,2381,0,1712,0,2048,0,2048,0,2105,0,2047,0,1493,0,2380,0,2949,0,1605,0,2530,0,1801,0,2140,0,2105,0,2048,0,2503,0,517,512,486,500,0,0,0,0,
1498,0,2518,0,1845,0,2248,0,2381,0,1712,0,2048,0,2048,0,2101,0,2048,0,1506,0,2387,0,2917,0,1593,0,2531,0,1778,0,2136,0,2102,0,2048,0,2503,0,522,513,459,517,0,0,0,0,
1498,0,2518,0,1845,0,2248,0,2381,0,1712,0,2048,0,2048,0,2097,0,2049,0,1522,0,2396,0,2880,0,1581,0,2529,0,1754,0,2128,0,2097,0,2048,0,2503,0,522,515,480,521,0,0,0,0,
1498,0,2518,0,1845,0,2248,0,2381,0,1712,0,2048,0,2048,0,2089,0,2047,0,1539,0,2405,0,2845,0,1562,0,2511,0,1744,0,2116,0,2087,0,2048,0,2503,0,522,517,485,514,0,0,0,0,
1498,0,2518,0,1845,0,2248,0,2381,0,1712,0,2048,0,2048,0,2081,0,2046,0,1557,0,2415,0,2808,0,1543,0,2492,0,1735,0,2104,0,2078,0,2048,0,2503,0,520,517,475,510,0,0,0,0,
1498,0,2518,0,1845,0,2248,0,2381,0,1712,0,2048,0,2048,0,2077,0,2048,0,1575,0,2424,0,2773,0,1522,0,2467,0,1731,0,2098,0,2074,0,2048,0,2503,0,520,519,462,512,0,0,0,0,
1498,0,2518,0,1845,0,2248,0,2381,0,1712,0,2048,0,2048,0,2070,0,2046,0,1592,0,2433,0,2739,0,1503,0,2449,0,1721,0,2085,0,2063,0,2048,0,2503,0,515,518,483,512,0,0,0,0,
1498,0,2518,0,1845,0,2248,0,2381,0,1712,0,2048,0,2048,0,2067,0,2048,0,1607,0,2442,0,2713,0,1481,0,2418,0,1727,0,2083,0,2061,0,2048,0,2503,0,514,518,468,511,0,0,0,0,
1498,0,2518,0,1845,0,2248,0,2381,0,1712,0,2048,0,2048,0,2063,0,2048,0,1619,0,2450,0,2689,0,1463,0,2402,0,1722,0,2077,0,2056,0,2048,0,2503,0,515,518,449,520,0,0,0,0,
1498,0,2518,0,1845,0,2248,0,2381,0,1712,0,2048,0,2048,0,2060,0,2047,0,1627,0,2457,0,2671,0,1450,0,2397,0,1712,0,2071,0,2051,0,2048,0,2503,0,514,515,459,526,0,0,0,0,
1498,0,2518,0,1845,0,2248,0,2381,0,1712,0,2048,0,2048,0,2061,0,2051,0,1631,0,2463,0,2664,0,1437,0,2390,0,1709,0,2075,0,2055,0,2048,0,2503,0,518,514,455,534,0,0,0,0,
1498,0,2518,0,1845,0,2248,0,2381,0,1712,0,2048,0,2048,0,2060,0,2050,0,1629,0,2468,0,2663,0,1431,0,2403,0,1691,0,2073,0,2053,0,2048,0,2503,0,520,515,442,528,0,0,0,0,
1498,0,2518,0,1845,0,2248,0,2381,0,1712,0,2048,0,2048,0,2055,0,2045,0,1625,0,2472,0,2669,0,1425,0,2414,0,1682,0,2063,0,2043,0,2048,0,2503,0,519,514,460,513,0,0,0,0,
1498,0,2518,0,1845,0,2248,0,2381,0,1712,0,2048,0,2048,0,2054,0,2045,0,1623,0,2474,0,2676,0,1419,0,2413,0,1682,0,2061,0,2042,0,2048,0,2503,0,518,512,456,538,0,0,0,0,
1498,0,2518,0,1845,0,2248,0,2381,0,1712,0,2048,0,2048,0,2054,0,2045,0,1621,0,2475,0,2680,0,1416,0,2412,0,1684,0,2061,0,2042,0,2048,0,2503,0,518,509,450,524,0,0,0,0,
1498,0,2518,0,1845,0,2248,0,2381,0,1712,0,2048,0,2048,0,2057,0,2049,0,1621,0,2475,0,2681,0,1415,0,2412,0,1684,0,2067,0,2049,0,2048,0,2503,0,519,507,452,513,0,0,0,0,
1498,0,2518,0,1845,0,2248,0,2381,0,1712,0,2048,0,2048,0,2057,0,2048,0,1621,0,2474,0,2679,0,1418,0,2415,0,1682,0,2067,0,2048,0,2048,0,2503,0,527,509,465,506,0,0,0,0,
1498,0,2518,0,1845,0,2248,0,2381,0,1712,0,2048,0,2048,0,2052,0,2042,0,1623,0,2472,0,2667,0,1431,0,2437,0,1660,0,2056,0,2036,0,2048,0,2503,0,535,512,467,508,0,0,0,0,
1498,0,2518,0,1845,0,2248,0,2381,0,1712,0,2048,0,2048,0,2044,0,2034,0,1626,0,2469,0,2652,0,1446,0,2458,0,1639,0,2040,0,2020,0,2048,0,2503,0,538,514,496,518,0,0,0,0,
1498,0,2518,0,1845,0,2248,0,2381,0,1712,0,2048,0,2048,0,2038,0,2028,0,1631,0,2465,0,2641,0,1456,0,2462,0,1634,0,2028,0,2008,0,2048,0,2503,0,538,517,498,505,0,0,0,0,
1498,0,2518,0,1845,0,2248,0,2381,0,1712,0,2048,0,2048,0,2031,0,2020,0,1636,0,2466,0,2629,0,1453,0,2456,0,1633,0,2012,0,1992,0,2048,0,2503,0,532,517,495,511,0,0,0,0,
1498,0,2518,0,1845,0,2248,0,2381,0,1712,0,2048,0,2048,0,2030,0,2016,0,1643,0,2473,0,2622,0,1435,0,2432,0,1644,0,2007,0,1986,0,2048,0,2503,0,524,517,509,522,0,0,0,0,
1498,0,2518,0,1845,0,2248,0,2381,0,1712,0,2048,0,2048,0,2030,0,2013,0,1650,0,2483,0,2615,0,1406,0,2400,0,1658,0,2001,0,1980,0,2048,0,2503,0,520,518,504,523,0,0,0,0,
1498,0,2518,0,1845,0,2248,0,2381,0,1712,0,2048,0,2048,0,2028,0,2007,0,1658,0,2497,0,2602,0,1374,0,2379,0,1655,0,1993,0,1971,0,2048,0,2503,0,517,519,512,516,0,0,0,0,
1498,0,2518,0,1845,0,2248,0,2381,0,1712,0,2048,0,2048,0,2028,0,2002,0,1667,0,2513,0,2587,0,1337,0,2361,0,1647,0,1985,0,1962,0,2048,0,2503,0,517,519,509,517,0,0,0,0,
1498,0,2518,0,1845,0,2248,0,2381,0,1712,0,2048,0,2048,0,2030,0,1998,0,1677,0,2530,0,2568,0,1301,0,2351,0,1629,0,1981,0,1956,0,2048,0,2503,0,517,520,507,512,0,0,0,0,
1498,0,2518,0,1845,0,2248,0,2381,0,1712,0,2048,0,2048,0,2030,0,1991,0,1686,0,2548,0,2549,0,1264,0,2342,0,1610,0,1975,0,1947,0,2048,0,2503,0,515,523,516,488,0,0,0,0,
1498,0,2518,0,1845,0,2248,0,2381,0,1712,0,2048,0,2048,0,2027,0,1982,0,1695,0,2566,0,2532,0,1226,0,2326,0,1597,0,1961,0,1932,0,2048,0,2503,0,515,525,514,508,0,0,0,0,
1498,0,2518,0,1845,0,2248,0,2381,0,1712,0,2048,0,2048,0,2026,0,1976,0,1704,0,2582,0,2513,0,1192,0,2317,0,1579,0,1952,0,1919,0,2048,0,2503,0,520,523,501,495,0,0,0,0,
1498,0,2518,0,1845,0,2248,0,2381,0,1712,0,2048,0,2048,0,2030,0,1975,0,1713,0,2597,0,2491,0,1167,0,2323,0,1549,0,1956,0,1922,0,2048,0,2503,0,520,524,497,495,0,0,0,0,
1498,0,2518,0,1845,0,2248,0,2381,0,1712,0,2048,0,2048,0,2030,0,1970,0,1720,0,2609,0,2477,0,1141,0,2316,0,1535,0,1951,0,1914,0,2048,0,2503,0,524,529,487,507,0,0,0,0,
1498,0,2518,0,1845,0,2248,0,2381,0,1712,0,2048,0,2048,0,2024,0,1959,0,1726,0,2619,0,2461,0,1125,0,2322,0,1512,0,1933,0,1894,0,2048,0,2503,0,525,529,502,498,0,0,0,0,
1498,0,2518,0,1845,0,2248,0,2381,0,1712,0,2048,0,2048,0,2025,0,1958,0,1730,0,2626,0,2451,0,1111,0,2320,0,1502,0,1932,0,1892,0,2048,0,2503,0,524,528,507,515,0,0,0,0,
1498,0,2518,0,1845,0,2248,0,2381,0,1712,0,2048,0,2048,0,2028,0,1959,0,1733,0,2630,0,2447,0,1102,0,2315,0,1501,0,1935,0,1894,0,2048,0,2503,0,522,527,495,512,0,0,0,0,
1498,0,2518,0,1845,0,2248,0,2381,0,1712,0,2048,0,2048,0,2029,0,1959,0,1733,0,2630,0,2448,0,1098,0,2308,0,1506,0,1938,0,1896,0,2048,0,2503,0,522,523,496,519,0,0,0,0,
1498,0,2518,0,1845,0,2248,0,2381,0,1712,0,2048,0,2048,0,2036,0,1967,0,1732,0,2628,0,2451,0,1103,0,2310,0,1508,0,1952,0,1911,0,2048,0,2503,0,523,520,506,522,0,0,0,0,
1498,0,2518,0,1845,0,2248,0,2381,0,1712,0,2048,0,2048,0,2040,0,1974,0,1728,0,2623,0,2457,0,1116,0,2316,0,1511,0,1963,0,1923,0,2048,0,2503,0,524,519,508,525,0,0,0,0,
1498,0,2518,0,1845,0,2248,0,2381,0,1712,0,2048,0,2048,0,2040,0,1978,0,1723,0,2614,0,2466,0,1134,0,2324,0,1517,0,1967,0,1929,0,2048,0,2503,0,524,517,504,530,0,0,0,0,
1498,0,2518,0,1845,0,2248,0,2381,0,1712,0,2048,0,2048,0,2041,0,1983,0,1716,0,2603,0,2480,0,1158,0,2331,0,1530,0,1975,0,1940,0,2048,0,2503,0,524,514,509,540,0,0,0,0,
1498,0,2518,0,1845,0,2248,0,2381,0,1712,0,2048,0,2048,0,2045,0,1992,0,1709,0,2590,0,2496,0,1186,0,2339,0,1544,0,1988,0,1954,0,2048,0,2503,0,520,512,518,524,0,0,0,0,
1498,0,2518,0,1845,0,2248,0,2381,0,1712,0,2048,0,2048,0,2046,0,1998,0,1700,0,2574,0,2517,0,1214,0,2336,0,1573,0,1996,0,1965,0,2048,0,2503,0,515,507,504,520,0,0,0,0,
1498,0,2518,0,1845,0,2248,0,2381,0,1712,0,2048,0,2048,0,2052,0,2010,0,1691,0,2557,0,2541,0,1244,0,2331,0,1606,0,2015,0,1986,0,2048,0,2503,0,513,506,501,534,0,0,0,0,
1498,0,2518,0,1845,0,2248,0,2381,0,1712,0,2048,0,2048,0,2052,0,2017,0,1681,0,2539,0,2562,0,1279,0,2334,0,1631,0,2022,0,1996,0,2048,0,2503,0,514,507,508,522,0,0,0,0,
1498,0,2518,0,1845,0,2248,0,2381,0,1712,0,2048,0,2048,0,2048,0,2019,0,1672,0,2521,0,2580,0,1317,0,2347,0,1647,0,2022,0,1998,0,2048,0,2503,0,513,507,497,517,0,0,0,0,
1498,0,2518,0,1845,0,2248,0,2381,0,1712,0,2048,0,2048,0,2047,0,2023,0,1663,0,2504,0,2600,0,1350,0,2354,0,1668,0,2026,0,2004,0,2048,0,2503,0,513,506,499,526,0,0,0,0,
1498,0,2518,0,1845,0,2248,0,2381,0,1712,0,2048,0,2048,0,2048,0,2029,0,1654,0,2489,0,2617,0,1381,0,2363,0,1684,0,2035,0,2013,0,2048,0,2503,0,514,505,502,513,0,0,0,0,
1498,0,2518,0,1845,0,2248,0,2381,0,1712,0,2048,0,2048,0,2049,0,2034,0,1646,0,2477,0,2633,0,1407,0,2374,0,1694,0,2043,0,2022,0,2048,0,2503,0,513,504,502,506,0,0,0,0,
1498,0,2518,0,1845,0,2248,0,2381,0,1712,0,2048,0,2048,0,2052,0,2039,0,1639,0,2469,0,2648,0,1423,0,2378,0,1705,0,2051,0,2031,0,2048,0,2503,0,512,505,496,513,0,0,0,0,
1498,0,2518,0,1845,0,2248,0,2381,0,1712,0,2048,0,2048,0,2051,0,2041,0,1633,0,2465,0,2660,0,1431,0,2381,0,1712,0,2054,0,2034,0,2048,0,2503,0,513,506,498,509,0,0,0,0,
1498,0,2518,0,1845,0,2248,0,2381,0,1712,0,2048,0,2048,0,2053,0,2043,0,1628,0,2467,0,2670,0,1428,0,2390,0,1708,0,2057,0,2037,0,2048,0,2503,0,513,509,489,516,0,0,0,0,
1498,0,2518,0,1845,0,2248,0,2381,0,1712,0,2048,0,2048,0,2051,0,2041,0,1624,0,2471,0,2678,0,1420,0,2393,0,1703,0,2053,0,2033,0,2048,0,2503,0,512,511,473,504,0,0,0,0,
1498,0,2518,0,1845,0,2248,0,2381,0,1712,0,2048,0,2048,0,2049,0,2040,0,1622,0,2473,0,2683,0,1414,0,2393,0,1704,0,2051,0,2032,0,2048,0,2503,0,522,511,518,524,0,0,0,0,
1498,0,2518,0,1845,0,2248,0,2381,0,1712,0,2048,0,2048,0,2053,0,2045,0,1621,0,2475,0,2677,0,1419,0,2424,0,1672,0,2060,0,2042,0,2048,0,2503,0,525,509,487,580,0,0,0,0,
1498,0,2518,0,1845,0,2248,0,2381,0,1712,0,2048,0,2048,0,2061,0,2052,0,1622,0,2475,0,2672,0,1423,0,2432,0,1663,0,2074,0,2055,0,2048,0,2503,0,522,505,511,547,0,0,0,0,
1498,0,2518,0,1845,0,2248,0,2381,0,1712,0,2048,0,2048,0,2070,0,2060,0,1624,0,2473,0,2670,0,1424,0,2421,0,1674,0,2093,0,2073,0,2048,0,2503,0,519,502,520,542,0,0,0,0,
1498,0,2518,0,1845,0,2248,0,2381,0,1712,0,2048,0,2048,0,2078,0,2068,0,1627,0,2470,0,2666,0,1428,0,2409,0,1686,0,2109,0,2089,0,2048,0,2503,0,517,502,509,524,0,0,0,0,
1498,0,2518,0,1845,0,2248,0,2381,0,1712,0,2048,0,2048,0,2081,0,2071,0,1631,0,2465,0,2661,0,1434,0,2399,0,1697,0,2115,0,2095,0,2048,0,2503,0,513,504,514,523,0,0,0,0,
1498,0,2518,0,1845,0,2248,0,2381,0,1712,0,2048,0,2048,0,2081,0,2070,0,1630,0,2460,0,2668,0,1442,0,2388,0,1715,0,2114,0,2094,0,2048,0,2503,0,513,505,505,509,0,0,0,0,
1498,0,2518,0,1845,0,2248,0,2381,0,1712,0,2048,0,2048,0,2083,0,2069,0,1623,0,2453,0,2680,0,1455,0,2395,0,1721,0,2117,0,2096,0,2048,0,2503,0,514,509,503,510,0,0,0,0,
1498,0,2518,0,1845,0,2248,0,2381,0,1712,0,2048,0,2048,0,2080,0,2063,0,1613,0,2446,0,2700,0,1471,0,2408,0,1726,0,2110,0,2089,0,2048,0,2503,0,514,510,506,520,0,0,0,0,
1498,0,2518,0,1845,0,2248,0,2381,0,1712,0,2048,0,2048,0,2082,0,2061,0,1599,0,2438,0,2728,0,1488,0,2423,0,1735,0,2111,0,2089,0,2048,0,2503,0,514,510,505,518,0,0,0,0,
1498,0,2518,0,1845,0,2248,0,2381,0,1712,0,2048,0,2048,0,2086,0,2060,0,1583,0,2429,0,2762,0,1506,0,2440,0,1744,0,2117,0,2094,0,2048,0,2503,0,514,510,504,522,0,0,0,0,
1498,0,2518,0,1845,0,2248,0,2381,0,1712,0,2048,0,2048,0,2090,0,2058,0,1566,0,2419,0,2798,0,1525,0,2458,0,1754,0,2123,0,2098,0,2048,0,2503,0,513,509,504,530,0,0,0,0,
1498,0,2518,0,1845,0,2248,0,2381,0,1712,0,2048,0,2048,0,2097,0,2058,0,1548,0,2410,0,2836,0,1543,0,2474,0,1766,0,2133,0,2105,0,2048,0,2503,0,513,507,504,531,0,0,0,0,
1498,0,2518,0,1845,0,2248,0,2381,0,1712,0,2048,0,2048,0,2104,0,2059,0,1530,0,2401,0,2872,0,1562,0,2493,0,1776,0,2144,0,2115,0,2048,0,2503,0,514,506,497,538,0,0,0,0,
1498,0,2518,0,1845,0,2248,0,2381,0,1712,0,2048,0,2048,0,2109,0,2059,0,1514,0,2392,0,2905,0,1582,0,2514,0,1782,0,2154,0,2121,0,2048,0,2503,0,514,504,492,555,0,0,0,0,
1498,0,2518,0,1845,0,2248,0,2381,0,1712,0,2048,0,2048,0,2116,0,2061,0,1499,0,2383,0,2935,0,1599,0,2529,0,1791,0,2164,0,2130,0,2048,0,2503,0,515,502,498,514,0,0,0,0,
1498,0,2518,0,1845,0,2248,0,2381,0,1712,0,2048,0,2048,0,2122,0,2062,0,1487,0,2376,0,2960,0,1614,0,2546,0,1795,0,2175,0,2138,0,2048,0,2503,0,519,501,497,538,0,0,0,0,
1498,0,2518,0,1845,0,2248,0,2381,0,1712,0,2048,0,2048,0,2127,0,2062,0,1477,0,2370,0,2976,0,1630,0,2569,0,1789,0,2182,0,2143,0,2048,0,2503,0,518,501,507,520,0,0,0,0,
1498,0,2518,0,1845,0,2248,0,2381,0,1712,0,2048,0,2048,0,2128,0,2061,0,1470,0,2366,0,2992,0,1638,0,2573,0,1797,0,2184,0,2144,0,2048,0,2503,0,518,502,499,530,0,0,0,0,
1498,0,2518,0,1845,0,2248,0,2381,0,1712,0,2048,0,2048,0,2127,0,2058,0,1466,0,2363,0,3000,0,1643,0,2577,0,1799,0,2182,0,2141,0,2048,0,2503,0,519,501,505,505,0,0,0,0,
1498,0,2518,0,1845,0,2248,0,2381,0,1712,0,2048,0,2048,0,2130,0,2060,0,1466,0,2363,0,3001,0,1645,0,2581,0,1797,0,2186,0,2144,0,2048,0,2503,0,519,500,502,521,0,0,0,0,
1498,0,2518,0,1845,0,2248,0,2381,0,1712,0,2048,0,2048,0,2131,0,2062,0,1468,0,2364,0,2996,0,1642,0,2579,0,1795,0,2189,0,2148,0,2048,0,2503,0,520,501,506,508,0,0,0,0,
1498,0,2518,0,1845,0,2248,0,2381,0,1712,0,2048,0,2048,0,2127,0,2061,0,1473,0,2368,0,2983,0,1636,0,2576,0,1789,0,2183,0,2143,0,2048,0,2503,0,522,505,509,502,0,0,0,0,
1498,0,2518,0,1845,0,2248,0,2381,0,1712,0,2048,0,2048,0,2118,0,2056,0,1482,0,2373,0,2964,0,1628,0,2573,0,1778,0,2167,0,2129,0,2048,0,2503,0,523,510,511,514,0,0,0,0,
1498,0,2518,0,1845,0,2248,0,2381,0,1712,0,2048,0,2048,0,2108,0,2050,0,1493,0,2380,0,2939,0,1615,0,2563,0,1768,0,2146,0,2111,0,2048,0,2503,0,523,512,519,510,0,0,0,0,
1498,0,2518,0,1845,0,2248,0,2381,0,1712,0,2048,0,2048,0,2101,0,2048,0,1506,0,2387,0,2911,0,1599,0,2549,0,1760,0,2136,0,2102,0,2048,0,2503,0,518,513,513,502,0,0,0,0,
1498,0,2518,0,1845,0,2248,0,2381,0,1712,0,2048,0,2048,0,2097,0,2049,0,1522,0,2396,0,2884,0,1577,0,2517,0,1766,0,2128,0,2097,0,2048,0,2503,0,512,515,505,508,0,0,0,0,
1498,0,2518,0,1845,0,2248,0,2381,0,1712,0,2048,0,2048,0,2089,0,2047,0,1539,0,2405,0,2854,0,1553,0,2481,0,1774,0,2116,0,2087,0,2048,0,2503,0,512,518,500,493,0,0,0,0,
1498,0,2518,0,1845,0,2248,0,2381,0,1712,0,2048,0,2048,0,2079,0,2044,0,1557,0,2415,0,2817,0,1534,0,2462,0,1765,0,2100,0,2074,0,2048,0,2503,0,513,519,501,508,0,0,0,0,
1498,0,2518,0,1845,0,2248,0,2381,0,1712,0,2048,0,2048,0,2074,0,2045,0,1575,0,2424,0,2780,0,1515,0,2446,0,1752,0,2091,0,2067,0,2048,0,2503,0,512,520,502,507,0,0,0,0,
1498,0,2518,0,1845,0,2248,0,2381,0,1712,0,2048,0,2048,0,2068,0,2044,0,1592,0,2433,0,2746,0,1496,0,2425,0,1745,0,2082,0,2060,0,2048,0,2503,0,512,520,506,509,0,0,0,0,
1498,0,2518,0,1845,0,2248,0,2381,0,1712,0,2048,0,2048,0,2064,0,2045,0,1607,0,2442,0,2715,0,1479,0,2409,0,1736,0,2077,0,2055,0,2048,0,2503,0,512,523,503,492,0,0,0,0,
1498,0,2518,0,1845,0,2248,0,2381,0,1712,0,2048,0,2048,0,2055,0,2040,0,1619,0,2450,0,2690,0,1462,0,2396,0,1728,0,2061,0,2040,0,2048,0,2503,0,512,523,506,516,0,0,0,0,
1498,0,2518,0,1845,0,2248,0,2381,0,1712,0,2048,0,2048,0,2052,0,2039,0,1627,0,2457,0,2673,0,1448,0,2388,0,1721,0,2055,0,2035,0,2048,0,2503,0,510,524,501,514,0,0,0,0,
1498,0,2518,0,1845,0,2248,0,2381,0,1712,0,2048,0,2048,0,2046,0,2036,0,1631,0,2463,0,2666,0,1435,0,2378,0,1721,0,2045,0,2025,0,2048,0,2503,0,509,524,504,501,0,0,0,0,
1498,0,2518,0,1845,0,2248,0,2381,0,1712,0,2048,0,2048,0,2043,0,2033,0,1629,0,2468,0,2670,0,1424,0,2376,0,1718,0,2039,0,2019,0,2048,0,2503,0,509,524,506,505,0,0,0,0,
1498,0,2518,0,1845,0,2248,0,2381,0,1712,0,2048,0,2048,0,2040,0,2030,0,1625,0,2472,0,2678,0,1416,0,2381,0,1715,0,2033,0,2013,0,2048,0,2503,0,512,524,506,539,0,0,0,0,
1498,0,2518,0,1845,0,2248,0,2381,0,1712,0,2048,0,2048,0,2037,0,2028,0,1623,0,2474,0,2682,0,1413,0,2392,0,1703,0,2027,0,2008,0,2048,0,2503,0,514,520,512,524,0,0,0,0,
1498,0,2518,0,1845,0,2248,0,2381,0,1712,0,2048,0,2048,0,2041,0,2032,0,1621,0,2475,0,2684,0,1412,0,2400,0,1696,0,2035,0,2016,0,2048,0,2503,0,515,514,513,529,0,0,0,0,
1498,0,2518,0,1845,0,2248,0,2381,0,1712,0,2048,0,2048,0,2049,0,2041,0,1621,0,2475,0,2684,0,1412,0,2403,0,1693,0,2051,0,2033,0,2048,0,2503,0,513,512,512,521,0,0,0,0,
1498,0,2518,0,1845,0,2248,0,2381,0,1712,0,2048,0,2048,0,2049,0,2040,0,1621,0,2474,0,2685,0,1412,0,2397,0,1700,0,2051,0,2032,0,2048,0,2503,0,515,511,511,515,0,0,0,0,
1498,0,2518,0,1845,0,2248,0,2381,0,1712,0,2048,0,2048,0,2048,0,2038,0,1623,0,2472,0,2679,0,1419,0,2401,0,1696,0,2049,0,2029,0,2048,0,2503,0,517,510,523,520,0,0,0,0,
1498,0,2518,0,1845,0,2248,0,2381,0,1712,0,2048,0,2048,0,2047,0,2037,0,1626,0,2469,0,2670,0,1428,0,2404,0,1693,0,2046,0,2026,0,2048,0,2503,0,518,510,529,505,0,0,0,0,
1498,0,2518,0,1845,0,2248,0,2381,0,1712,0,2048,0,2048,0,2044,0,2034,0,1631,0,2465,0,2661,0,1436,0,2402,0,1694,0,2040,0,2020,0,2048,0,2503,0,517,511,527,515,0,0,0,0,
1498,0,2518,0,1845,0,2248,0,2381,0,1712,0,2048,0,2048,0,2040,0,2029,0,1636,0,2466,0,2650,0,1432,0,2393,0,1696,0,2031,0,2011,0,2048,0,2503,0,515,512,524,523,0,0,0,0,
1498,0,2518,0,1845,0,2248,0,2381,0,1712,0,2048,0,2048,0,2038,0,2024,0,1643,0,2473,0,2639,0,1418,0,2381,0,1695,0,2023,0,2002,0,2048,0,2503,0,513,512,522,516,0,0,0,0,
1498,0,2518,0,1845,0,2248,0,2381,0,1712,0,2048,0,2048,0,2038,0,2021,0,1650,0,2483,0,2626,0,1395,0,2367,0,1691,0,2017,0,1996,0,2048,0,2503,0,512,512,524,517,0,0,0,0,
1498,0,2518,0,1845,0,2248,0,2381,0,1712,0,2048,0,2048,0,2038,0,2017,0,1658,0,2497,0,2609,0,1367,0,2355,0,1679,0,2013,0,1991,0,2048,0,2503,0,512,512,522,514,0,0,0,0,
1498,0,2518,0,1845,0,2248,0,2381,0,1712,0,2048,0,2048,0,2039,0,2013,0,1667,0,2513,0,2591,0,1333,0,2346,0,1662,0,2008,0,1985,0,2048,0,2503,0,512,512,525,508,0,0,0,0,
1498,0,2518,0,1845,0,2248,0,2381,0,1712,0,2048,0,2048,0,2041,0,2009,0,1677,0,2530,0,2572,0,1297,0,2336,0,1644,0,2004,0,1979,0,2048,0,2503,0,512,514,525,514,0,0,0,0,
1498,0,2518,0,1845,0,2248,0,2381,0,1712,0,2048,0,2048,0,2040,0,2001,0,1686,0,2548,0,2553,0,1260,0,2327,0,1625,0,1995,0,1967,0,2048,0,2503,0,511,515,512,500,0,0,0,0,
1498,0,2518,0,1845,0,2248,0,2381,0,1712,0,2048,0,2048,0,2040,0,1995,0,1695,0,2566,0,2534,0,1224,0,2314,0,1609,0,1987,0,1958,0,2048,0,2503,0,510,518,511,498,0,0,0,0,
1498,0,2518,0,1845,0,2248,0,2381,0,1712,0,2048,0,2048,0,2037,0,1987,0,1704,0,2582,0,2516,0,1189,0,2302,0,1594,0,1975,0,1942,0,2048,0,2503,0,511,519,505,502,0,0,0,0,
1498,0,2518,0,1845,0,2248,0,2381,0,1712,0,2048,0,2048,0,2037,0,1982,0,1713,0,2597,0,2498,0,1160,0,2296,0,1576,0,1969,0,1935,0,2048,0,2503,0,512,522,497,504,0,0,0,0,
1498,0,2518,0,1845,0,2248,0,2381,0,1712,0,2048,0,2048,0,2034,0,1974,0,1720,0,2609,0,2484,0,1134,0,2292,0,1559,0,1958,0,1921,0,2048,0,2503,0,512,523,517,495,0,0,0,0,
1498,0,2518,0,1845,0,2248,0,2381,0,1712,0,2048,0,2048,0,2034,0,1969,0,1726,0,2619,0,2472,0,1114,0,2286,0,1548,0,1953,0,1914,0,2048,0,2503,0,512,523,503,511,0,0,0,0,
1498,0,2518,0,1845,0,2248,0,2381,0,1712,0,2048,0,2048,0,2035,0,1968,0,1730,0,2626,0,2463,0,1099,0,2281,0,1541,0,1952,0,1912,0,2048,0,2503,0,512,522,517,521,0,0,0,0,
1498,0,2518,0,1845,0,2248,0,2381,0,1712,0,2048,0,2048,0,2038,0,1969,0,1733,0,2630,0,2458,0,1091,0,2279,0,1537,0,1955,0,1914,0,2048,0,2503,0,512,520,522,505,0,0,0,0,
1498,0,2518,0,1845,0,2248,0,2381,0,1712,0,2048,0,2048,0,2041,0,1971,0,1733,0,2630,0,2457,0,1089,0,2278,0,1536,0,1962,0,1920,0,2048,0,2503,0,511,522,501,504,0,0,0,0,
1498,0,2518,0,1845,0,2248,0,2381,0,1712,0,2048,0,2048,0,2038,0,1969,0,1732,0,2628,0,2460,0,1094,0,2277,0,1541,0,1955,0,1914,0,2048,0,2503,0,510,524,495,518,0,0,0,0,
1498,0,2518,0,1845,0,2248,0,2381,0,1712,0,2048,0,2048,0,2033,0,1967,0,1728,0,2623,0,2468,0,1105,0,2277,0,1550,0,1949,0,1909,0,2048,0,2503,0,510,524,509,504,0,0,0,0,
1498,0,2518,0,1845,0,2248,0,2381,0,1712,0,2048,0,2048,0,2031,0,1969,0,1723,0,2614,0,2478,0,1122,0,2282,0,1559,0,1950,0,1912,0,2048,0,2503,0,511,522,500,522,0,0,0,0,
1498,0,2518,0,1845,0,2248,0,2381,0,1712,0,2048,0,2048,0,2033,0,1975,0,1716,0,2603,0,2491,0,1147,0,2292,0,1569,0,1958,0,1923,0,2048,0,2503,0,511,517,504,523,0,0,0,0,
1498,0,2518,0,1845,0,2248,0,2381,0,1712,0,2048,0,2048,0,2040,0,1987,0,1709,0,2590,0,2507,0,1175,0,2300,0,1583,0,1978,0,1944,0,2048,0,2503,0,510,514,505,525,0,0,0,0,
1498,0,2518,0,1845,0,2248,0,2381,0,1712,0,2048,0,2048,0,2043,0,1995,0,1700,0,2574,0,2525,0,1206,0,2306,0,1603,0,1990,0,1959,0,2048,0,2503,0,510,513,501,521,0,0,0,0,
1498,0,2518,0,1845,0,2248,0,2381,0,1712,0,2048,0,2048,0,2043,0,2001,0,1691,0,2557,0,2544,0,1241,0,2316,0,1621,0,1996,0,1967,0,2048,0,2503,0,511,512,501,518,0,0,0,0,
1498,0,2518,0,1845,0,2248,0,2381,0,1712,0,2048,0,2048,0,2042,0,2007,0,1681,0,2539,0,2562,0,1279,0,2328,0,1637,0,2002,0,1976,0,2048,0,2503,0,510,512,498,523,0,0,0,0,
1498,0,2518,0,1845,0,2248,0,2381,0,1712,0,2048,0,2048,0,2040,0,2011,0,1672,0,2521,0,2582,0,1315,0,2335,0,1659,0,2006,0,1982,0,2048,0,2503,0,509,512,494,532,0,0,0,0,
1498,0,2518,0,1845,0,2248,0,2381,0,1712,0,2048,0,2048,0,2039,0,2015,0,1663,0,2504,0,2602,0,1348,0,2342,0,1680,0,2010,0,1988,0,2048,0,2503,0,511,512,511,507,0,0,0,0,
1498,0,2518,0,1845,0,2248,0,2381,0,1712,0,2048,0,2048,0,2038,0,2019,0,1654,0,2489,0,2617,0,1381,0,2357,0,1690,0,2015,0,1993,0,2048,0,2503,0,512,512,487,517,0,0,0,0,
1498,0,2518,0,1845,0,2248,0,2381,0,1712,0,2048,0,2048,0,2038,0,2023,0,1646,0,2477,0,2634,0,1406,0,2368,0,1700,0,2020,0,1999,0,2048,0,2503,0,511,512,499,514,0,0,0,0,
1498,0,2518,0,1845,0,2248,0,2381,0,1712,0,2048,0,2048,0,2039,0,2026,0,1639,0,2469,0,2648,0,1423,0,2372,0,1711,0,2025,0,2005,0,2048,0,2503,0,511,511,489,518,0,0,0,0,
1498,0,2518,0,1845,0,2248,0,2381,0,1712,0,2048,0,2048,0,2041,0,2031,0,1633,0,2465,0,2660,0,1431,0,2378,0,1715,0,2034,0,2014,0,2048,0,2503,0,511,512,502,513,0,0,0,0,
1498,0,2518,0,1845,0,2248,0,2381,0,1712,0,2048,0,2048,0,2043,0,2033,0,1628,0,2467,0,2670,0,1428,0,2384,0,1714,0,2037,0,2017,0,2048,0,2503,0,513,512,483,517,0,0,0,0,
1498,0,2518,0,1845,0,2248,0,2381,0,1712,0,2048,0,2048,0,2046,0,2036,0,1624,0,2471,0,2678,0,1420,0,2393,0,1703,0,2043,0,2023,0,2048,0,2503,0,513,514,478,512,0,0,0,0,
1498,0,2518,0,1845,0,2248,0,2381,0,1712,0,2048,0,2048,0,2045,0,2036,0,1622,0,2473,0,2683,0,1414,0,2396,0,1701,0,2042,0,2023,0,2048,0,2503,0,512,518,501,494,0,0,0,0,
1498,0,2518,0,1845,0,2248,0,2381,0,1712,0,2048,0,2048,0,2042,0,2034,0,1621,0,2475,0,2686,0,1410,0,2394,0,1702,0,2037,0,2019,0,2048,0,2503,0,515,519,496,512,0,0,0,0,
1498,0,2518,0,1845,0,2248,0,2381,0,1712,0,2048,0,2048,0,2045,0,2036,0,1622,0,2475,0,2682,0,1413,0,2402,0,1693,0,2041,0,2022,0,2048,0,2503,0,517,520,486,546,0,0,0,0,
1498,0,2518,0,1845,0,2248,0,2381,0,1712,0,2048,0,2048,0,2046,0,2036,0,1624,0,2473,0,2675,0,1419,0,2406,0,1689,0,2044,0,2024,0,2048,0,2503,0,525,518,539,573,0,0,0,0,
1498,0,2518,0,1845,0,2248,0,2381,0,1712,0,2048,0,2048,0,2052,0,2042,0,1627,0,2470,0,2660,0,1434,0,2427,0,1668,0,2056,0,2036,0,2048,0,2503,0,528,518,499,524,0,0,0,0,
1498,0,2518,0,1845,0,2248,0,2381,0,1712,0,2048,0,2048,0,2055,0,2045,0,1631,0,2465,0,2650,0,1445,0,2432,0,1664,0,2062,0,2042,0,2048,0,2503,0,529,514,517,567,0,0,0,0,
1498,0,2518,0,1845,0,2248,0,2381,0,1712,0,2048,0,2048,0,2065,0,2054,0,1630,0,2460,0,2652,0,1458,0,2436,0,1667,0,2082,0,2062,0,2048,0,2503,0,527,513,547,543,0,0,0,0,
1498,0,2518,0,1845,0,2248,0,2381,0,1712,0,2048,0,2048,0,2071,0,2057,0,1623,0,2453,0,2666,0,1469,0,2437,0,1679,0,2091,0,2070,0,2048,0,2503,0,523,512,518,550,0,0,0,0,
1498,0,2518,0,1845,0,2248,0,2381,0,1712,0,2048,0,2048,0,2075,0,2058,0,1613,0,2446,0,2691,0,1480,0,2435,0,1699,0,2100,0,2079,0,2048,0,2503,0,520,512,520,544,0,0,0,0,
1498,0,2518,0,1845,0,2248,0,2381,0,1712,0,2048,0,2048,0,2079,0,2058,0,1599,0,2438,0,2722,0,1494,0,2441,0,1717,0,2105,0,2083,0,2048,0,2503,0,518,510,521,552,0,0,0,0,
1498,0,2518,0,1845,0,2248,0,2381,0,1712,0,2048,0,2048,0,2086,0,2060,0,1583,0,2429,0,2758,0,1510,0,2452,0,1732,0,2117,0,2094,0,2048,0,2503,0,515,507,513,546,0,0,0,0,
1498,0,2518,0,1845,0,2248,0,2381,0,1712,0,2048,0,2048,0,2095,0,2063,0,1566,0,2419,0,2797,0,1526,0,2461,0,1751,0,2133,0,2108,0,2048,0,2503,0,515,506,511,548,0,0,0,0,
1498,0,2518,0,1845,0,2248,0,2381,0,1712,0,2048,0,2048,0,2102,0,2063,0,1548,0,2410,0,2834,0,1545,0,2480,0,1760,0,2143,0,2115,0,2048,0,2503,0,515,504,506,557,0,0,0,0,
1498,0,2518,0,1845,0,2248,0,2381,0,1712,0,2048,0,2048,0,2109,0,2064,0,1530,0,2401,0,2870,0,1564,0,2499,0,1770,0,2154,0,2125,0,2048,0,2503,0,514,502,521,533,0,0,0,0,
1498,0,2518,0,1845,0,2248,0,2381,0,1712,0,2048,0,2048,0,2115,0,2065,0,1514,0,2392,0,2905,0,1582,0,2514,0,1782,0,2167,0,2134,0,2048,0,2503,0,514,502,502,533,0,0,0,0,
1498,0,2518,0,1845,0,2248,0,2381,0,1712,0,2048,0,2048,0,2119,0,2064,0,1499,0,2383,0,2935,0,1599,0,2529,0,1791,0,2171,0,2137,0,2048,0,2503,0,514,504,514,548,0,0,0,0,
1498,0,2518,0,1845,0,2248,0,2381,0,1712,0,2048,0,2048,0,2119,0,2059,0,1487,0,2376,0,2961,0,1613,0,2543,0,1798,0,2168,0,2131,0,2048,0,2503,0,513,505,502,536,0,0,0,0,
1498,0,2518,0,1845,0,2248,0,2381,0,1712,0,2048,0,2048,0,2120,0,2055,0,1477,0,2370,0,2982,0,1624,0,2551,0,1807,0,2169,0,2130,0,2048,0,2503,0,512,505,513,522,0,0,0,0,
1498,0,2518,0,1845,0,2248,0,2381,0,1712,0,2048,0,2048,0,2121,0,2054,0,1470,0,2366,0,2997,0,1633,0,2555,0,1815,0,2171,0,2131,0,2048,0,2503,0,512,501,506,529,0,0,0,0,
1498,0,2518,0,1845,0,2248,0,2381,0,1712,0,2048,0,2048,0,2129,0,2060,0,1466,0,2363,0,3005,0,1638,0,2559,0,1817,0,2185,0,2144,0,2048,0,2503,0,509,502,497,535,0,0,0,0,
1498,0,2518,0,1845,0,2248,0,2381,0,1712,0,2048,0,2048,0,2128,0,2058,0,1466,0,2363,0,3009,0,1637,0,2551,0,1827,0,2183,0,2141,0,2048,0,2503,0,507,505,497,528,0,0,0,0,
1498,0,2518,0,1845,0,2248,0,2381,0,1712,0,2048,0,2048,0,2122,0,2053,0,1468,0,2364,0,3006,0,1632,0,2543,0,1831,0,2172,0,2131,0,2048,0,2503,0,509,507,504,523,0,0,0,0,
1498,0,2518,0,1845,0,2248,0,2381,0,1712,0,2048,0,2048,0,2117,0,2051,0,1473,0,2368,0,2992,0,1627,0,2543,0,1822,0,2163,0,2123,0,2048,0,2503,0,511,510,509,516,0,0,0,0,
1498,0,2518,0,1845,0,2248,0,2381,0,1712,0,2048,0,2048,0,2110,0,2048,0,1482,0,2373,0,2973,0,1619,0,2540,0,1811,0,2150,0,2112,0,2048,0,2503,0,512,512,509,526,0,0,0,0,
1498,0,2518,0,1845,0,2248,0,2381,0,1712,0,2048,0,2048,0,2105,0,2047,0,1493,0,2380,0,2949,0,1605,0,2530,0,1801,0,2140,0,2105,0,2048,0,2503,0,512,514,512,519,0,0,0,0,
1498,0,2518,0,1845,0,2248,0,2381,0,1712,0,2048,0,2048,0,2098,0,2045,0,1506,0,2387,0,2921,0,1589,0,2516,0,1793,0,2130,0,2096,0,2048,0,2503,0,512,517,514,526,0,0,0,0,
1498,0,2518,0,1845,0,2248,0,2381,0,1712,0,2048,0,2048,0,2090,0,2042,0,1522,0,2396,0,2889,0,1572,0,2499,0,1784,0,2115,0,2084,0,2048,0,2503,0,512,518,512,530,0,0,0,0,
1498,0,2518,0,1845,0,2248,0,2381,0,1712,0,2048,0,2048,0,2084,0,2042,0,1539,0,2405,0,2854,0,1553,0,2481,0,1774,0,2106,0,2077,0,2048,0,2503,0,511,518,510,539,0,0,0,0,
1498,0,2518,0,1845,0,2248,0,2381,0,1712,0,2048,0,2048,0,2079,0,2044,0,1557,0,2415,0,2817,0,1534,0,2459,0,1768,0,2100,0,2074,0,2048,0,2503,0,509,518,513,531,0,0,0,0,
1498,0,2518,0,1845,0,2248,0,2381,0,1712,0,2048,0,2048,0,2075,0,2046,0,1575,0,2424,0,2782,0,1513,0,2434,0,1764,0,2094,0,2070,0,2048,0,2503,0,512,518,511,523,0,0,0,0,
1498,0,2518,0,1845,0,2248,0,2381,0,1712,0,2048,0,2048,0,2071,0,2047,0,1592,0,2433,0,2746,0,1496,0,2425,0,1745,0,2088,0,2066,0,2048,0,2503,0,514,519,526,538,0,0,0,0,
1498,0,2518,0,1845,0,2248,0,2381,0,1712,0,2048,0,2048,0,2066,0,2047,0,1607,0,2442,0,2714,0,1480,0,2415,0,1730,0,2080,0,2058,0,2048,0,2503,0,512,517,519,536,0,0,0,0,
1498,0,2518,0,1845,0,2248,0,2381,0,1712,0,2048,0,2048,0,2065,0,2050,0,1619,0,2450,0,2690,0,1462,0,2396,0,1728,0,2081,0,2060,0,2048,0,2503,0,512,515,516,529,0,0,0,0,
1498,0,2518,0,1845,0,2248,0,2381,0,1712,0,2048,0,2048,0,2065,0,2052,0,1627,0,2457,0,2673,0,1448,0,2388,0,1721,0,2081,0,2061,0,2048,0,2503,0,512,514,514,545,0,0,0,0,
1498,0,2518,0,1845,0,2248,0,2381,0,1712,0,2048,0,2048,0,2063,0,2053,0,1631,0,2463,0,2665,0,1436,0,2384,0,1715,0,2079,0,2059,0,2048,0,2503,0,512,513,524,541,0,0,0,0,
1498,0,2518,0,1845,0,2248,0,2381,0,1712,0,2048,0,2048,0,2062,0,2052,0,1629,0,2468,0,2668,0,1426,0,2385,0,1709,0,2076,0,2056,0,2048,0,2503,0,512,513,517,537,0,0,0,0,
1498,0,2518,0,1845,0,2248,0,2381,0,1712,0,2048,0,2048,0,2059,0,2049,0,1625,0,2472,0,2676,0,1418,0,2390,0,1706,0,2070,0,2050,0,2048,0,2503,0,512,512,507,534,0,0,0,0,
1498,0,2518,0,1845,0,2248,0,2381,0,1712,0,2048,0,2048,0,2057,0,2048,0,1623,0,2474,0,2682,0,1413,0,2392,0,1703,0,2067,0,2048,0,2048,0,2503,0,512,511,515,534,0,0,0,0,
1498,0,2518,0,1845,0,2248,0,2381,0,1712,0,2048,0,2048,0,2055,0,2046,0,1621,0,2475,0,2685,0,1411,0,2394,0,1702,0,2064,0,2045,0,2048,0,2503,0,512,510,520,533,0,0,0,0,
1498,0,2518,0,1845,0,2248,0,2381,0,1712,0,2048,0,2048,0,2055,0,2047,0,1621,0,2475,0,2686,0,1410,0,2394,0,1702,0,2063,0,2045,0,2048,0,2503,0,512,507,512,530,0,0,0,0,
1498,0,2518,0,1845,0,2248,0,2381,0,1712,0,2048,0,2048,0,2057,0,2048,0,1621,0,2474,0,2685,0,1412,0,2394,0,1703,0,2067,0,2048,0,2048,0,2503,0,512,505,529,523,0,0,0,0,
1498,0,2518,0,1845,0,2248,0,2381,0,1712,0,2048,0,2048,0,2058,0,2048,0,1623,0,2472,0,2681,0,1417,0,2392,0,1705,0,2069,0,2049,0,2048,0,2503,0,515,505,529,521,0,0,0,0,
1498,0,2518,0,1845,0,2248,0,2381,0,1712,0,2048,0,2048,0,2055,0,2045,0,1626,0,2469,0,2672,0,1426,0,2398,0,1699,0,2063,0,2043,0,2048,0,2503,0,517,504,535,525,0,0,0,0,
1498,0,2518,0,1845,0,2248,0,2381,0,1712,0,2048,0,2048,0,2054,0,2044,0,1631,0,2465,0,2662,0,1435,0,2399,0,1697,0,2060,0,2040,0,2048,0,2503,0,517,502,535,522,0,0,0,0,
1498,0,2518,0,1845,0,2248,0,2381,0,1712,0,2048,0,2048,0,2055,0,2044,0,1636,0,2466,0,2650,0,1432,0,2393,0,1696,0,2061,0,2041,0,2048,0,2503,0,517,502,536,530,0,0,0,0,
1498,0,2518,0,1845,0,2248,0,2381,0,1712,0,2048,0,2048,0,2054,0,2040,0,1643,0,2473,0,2637,0,1420,0,2387,0,1689,0,2056,0,2035,0,2048,0,2503,0,517,502,539,529,0,0,0,0,
1498,0,2518,0,1845,0,2248,0,2381,0,1712,0,2048,0,2048,0,2054,0,2037,0,1650,0,2483,0,2622,0,1399,0,2379,0,1679,0,2050,0,2029,0,2048,0,2503,0,517,502,538,520,0,0,0,0,
1498,0,2518,0,1845,0,2248,0,2381,0,1712,0,2048,0,2048,0,2054,0,2033,0,1658,0,2497,0,2605,0,1371,0,2370,0,1664,0,2046,0,2024,0,2048,0,2503,0,517,502,536,516,0,0,0,0,
1498,0,2518,0,1845,0,2248,0,2381,0,1712,0,2048,0,2048,0,2055,0,2029,0,1667,0,2513,0,2587,0,1337,0,2361,0,1647,0,2041,0,2018,0,2048,0,2503,0,517,506,537,492,0,0,0,0,
1498,0,2518,0,1845,0,2248,0,2381,0,1712,0,2048,0,2048,0,2051,0,2019,0,1677,0,2530,0,2568,0,1301,0,2351,0,1629,0,2024,0,1999,0,2048,0,2503,0,515,510,540,482,0,0,0,0,
1498,0,2518,0,1845,0,2248,0,2381,0,1712,0,2048,0,2048,0,2046,0,2007,0,1686,0,2548,0,2551,0,1262,0,2336,0,1616,0,2007,0,1979,0,2048,0,2503,0,514,512,538,495,0,0,0,0,
1498,0,2518,0,1845,0,2248,0,2381,0,1712,0,2048,0,2048,0,2045,0,2000,0,1695,0,2566,0,2533,0,1225,0,2323,0,1600,0,1997,0,1968,0,2048,0,2503,0,513,515,554,514,0,0,0,0,
1498,0,2518,0,1845,0,2248,0,2381,0,1712,0,2048,0,2048,0,2042,0,1992,0,1704,0,2582,0,2515,0,1190,0,2311,0,1585,0,1985,0,1952,0,2048,0,2503,0,512,518,554,488,0,0,0,0,
1498,0,2518,0,1845,0,2248,0,2381,0,1712,0,2048,0,2048,0,2038,0,1983,0,1713,0,2597,0,2498,0,1160,0,2299,0,1573,0,1972,0,1938,0,2048,0,2503,0,512,519,549,500,0,0,0,0,
1498,0,2518,0,1845,0,2248,0,2381,0,1712,0,2048,0,2048,0,2039,0,1979,0,1720,0,2609,0,2484,0,1134,0,2292,0,1559,0,1968,0,1931,0,2048,0,2503,0,511,520,546,508,0,0,0,0,
1498,0,2518,0,1845,0,2248,0,2381,0,1712,0,2048,0,2048,0,2039,0,1974,0,1726,0,2619,0,2472,0,1114,0,2283,0,1551,0,1963,0,1924,0,2048,0,2503,0,510,520,545,488,0,0,0,0,
1498,0,2518,0,1845,0,2248,0,2381,0,1712,0,2048,0,2048,0,2040,0,1973,0,1730,0,2626,0,2464,0,1098,0,2275,0,1547,0,1962,0,1922,0,2048,0,2503,0,509,522,536,503,0,0,0,0,
1498,0,2518,0,1845,0,2248,0,2381,0,1712,0,2048,0,2048,0,2038,0,1969,0,1733,0,2630,0,2460,0,1089,0,2270,0,1546,0,1955,0,1914,0,2048,0,2503,0,509,520,534,499,0,0,0,0,
1498,0,2518,0,1845,0,2248,0,2381,0,1712,0,2048,0,2048,0,2041,0,1971,0,1733,0,2630,0,2459,0,1087,0,2269,0,1545,0,1962,0,1920,0,2048,0,2503,0,509,520,539,486,0,0,0,0,
1498,0,2518,0,1845,0,2248,0,2381,0,1712,0,2048,0,2048,0,2041,0,1972,0,1732,0,2628,0,2462,0,1092,0,2271,0,1547,0,1962,0,1921,0,2048,0,2503,0,506,519,527,507,0,0,0,0,
1498,0,2518,0,1845,0,2248,0,2381,0,1712,0,2048,0,2048,0,2042,0,1976,0,1728,0,2623,0,2472,0,1101,0,2265,0,1562,0,1966,0,1926,0,2048,0,2503,0,504,517,520,491,0,0,0,0,
1498,0,2518,0,1845,0,2248,0,2381,0,1712,0,2048,0,2048,0,2043,0,1981,0,1723,0,2614,0,2484,0,1116,0,2264,0,1577,0,1974,0,1936,0,2048,0,2503,0,504,514,518,492,0,0,0,0,
1498,0,2518,0,1845,0,2248,0,2381,0,1712,0,2048,0,2048,0,2046,0,1988,0,1716,0,2603,0,2498,0,1140,0,2271,0,1590,0,1985,0,1950,0,2048,0,2503,0,504,513,515,506,0,0,0,0,
1498,0,2518,0,1845,0,2248,0,2381,0,1712,0,2048,0,2048,0,2047,0,1994,0,1709,0,2590,0,2514,0,1168,0,2279,0,1604,0,1991,0,1957,0,2048,0,2503,0,504,512,525,512,0,0,0,0,
1498,0,2518,0,1845,0,2248,0,2381,0,1712,0,2048,0,2048,0,2046,0,1998,0,1700,0,2574,0,2531,0,1200,0,2288,0,1621,0,1996,0,1965,0,2048,0,2503,0,502,511,519,506,0,0,0,0,
1498,0,2518,0,1845,0,2248,0,2381,0,1712,0,2048,0,2048,0,2045,0,2003,0,1691,0,2557,0,2552,0,1233,0,2292,0,1645,0,2002,0,1973,0,2048,0,2503,0,501,511,516,502,0,0,0,0,
1498,0,2518,0,1845,0,2248,0,2381,0,1712,0,2048,0,2048,0,2043,0,2008,0,1681,0,2539,0,2572,0,1269,0,2298,0,1667,0,2005,0,1979,0,2048,0,2503,0,501,511,516,510,0,0,0,0,
1498,0,2518,0,1845,0,2248,0,2381,0,1712,0,2048,0,2048,0,2041,0,2012,0,1672,0,2521,0,2591,0,1306,0,2308,0,1686,0,2009,0,1985,0,2048,0,2503,0,501,511,514,502,0,0,0,0,
1498,0,2518,0,1845,0,2248,0,2381,0,1712,0,2048,0,2048,0,2040,0,2016,0,1663,0,2504,0,2610,0,1340,0,2318,0,1704,0,2013,0,1991,0,2048,0,2503,0,500,512,519,506,0,0,0,0,
1498,0,2518,0,1845,0,2248,0,2381,0,1712,0,2048,0,2048,0,2038,0,2019,0,1654,0,2489,0,2628,0,1370,0,2324,0,1723,0,2015,0,1993,0,2048,0,2503,0,500,513,503,514,0,0,0,0,
1498,0,2518,0,1845,0,2248,0,2381,0,1712,0,2048,0,2048,0,2037,0,2022,0,1646,0,2477,0,2645,0,1395,0,2332,0,1736,0,2017,0,1996,0,2048,0,2503,0,500,513,518,501,0,0,0,0,
1498,0,2518,0,1845,0,2248,0,2381,0,1712,0,2048,0,2048,0,2038,0,2025,0,1639,0,2469,0,2659,0,1412,0,2339,0,1744,0,2022,0,2002,0,2048,0,2503,0,502,512,508,505,0,0,0,0,
1498,0,2518,0,1845,0,2248,0,2381,0,1712,0,2048,0,2048,0,2040,0,2030,0,1633,0,2465,0,2669,0,1422,0,2351,0,1742,0,2031,0,2011,0,2048,0,2503,0,501,513,512,506,0,0,0,0,
1498,0,2518,0,1845,0,2248,0,2381,0,1712,0,2048,0,2048,0,2042,0,2032,0,1628,0,2467,0,2680,0,1418,0,2354,0,1744,0,2034,0,2014,0,2048,0,2503,0,504,514,507,511,0,0,0,0,
1498,0,2518,0,1845,0,2248,0,2381,0,1712,0,2048,0,2048,0,2043,0,2033,0,1624,0,2471,0,2685,0,1413,0,2366,0,1730,0,2037,0,2017,0,2048,0,2503,0,505,517,498,491,0,0,0,0,
1498,0,2518,0,1845,0,2248,0,2381,0,1712,0,2048,0,2048,0,2040,0,2031,0,1622,0,2473,0,2689,0,1408,0,2372,0,1725,0,2032,0,2013,0,2048,0,2503,0,501,519,517,491,0,0,0,0,
1498,0,2518,0,1845,0,2248,0,2381,0,1712,0,2048,0,2048,0,2041,0,2033,0,1621,0,2475,0,2696,0,1400,0,2361,0,1735,0,2034,0,2016,0,2048,0,2503,0,505,522,488,503,0,0,0,0,
1498,0,2518,0,1845,0,2248,0,2381,0,1712,0,2048,0,2048,0,2040,0,2031,0,1622,0,2475,0,2690,0,1405,0,2372,0,1723,0,2031,0,2012,0,2048,0,2503,0,506,522,493,542,0,0,0,0,
1498,0,2518,0,1845,0,2248,0,2381,0,1712,0,2048,0,2048,0,2043,0,2033,0,1624,0,2473,0,2684,0,1410,0,2373,0,1722,0,2037,0,2017,0,2048,0,2503,0,514,519,539,533,0,0,0,0,
1498,0,2518,0,1845,0,2248,0,2381,0,1712,0,2048,0,2048,0,2051,0,2041,0,1627,0,2470,0,2671,0,1423,0,2394,0,1701,0,2053,0,2033,0,2048,0,2503,0,515,514,527,535,0,0,0,0,
1498,0,2518,0,1845,0,2248,0,2381,0,1712,0,2048,0,2048,0,2062,0,2052,0,1631,0,2465,0,2663,0,1432,0,2393,0,1703,0,2076,0,2056,0,2048,0,2503,0,517,512,513,560,0,0,0,0,
1498,0,2518,0,1845,0,2248,0,2381,0,1712,0,2048,0,2048,0,2068,0,2057,0,1630,0,2460,0,2664,0,1446,0,2400,0,1703,0,2088,0,2068,0,2048,0,2503,0,515,510,543,537,0,0,0,0,
1498,0,2518,0,1845,0,2248,0,2381,0,1712,0,2048,0,2048,0,2075,0,2061,0,1623,0,2453,0,2678,0,1457,0,2401,0,1715,0,2100,0,2079,0,2048,0,2503,0,512,507,525,537,0,0,0,0,
1498,0,2518,0,1845,0,2248,0,2381,0,1712,0,2048,0,2048,0,2083,0,2066,0,1613,0,2446,0,2701,0,1470,0,2402,0,1732,0,2116,0,2095,0,2048,0,2503,0,510,505,525,533,0,0,0,0,
1498,0,2518,0,1845,0,2248,0,2381,0,1712,0,2048,0,2048,0,2090,0,2069,0,1599,0,2438,0,2730,0,1486,0,2411,0,1747,0,2128,0,2106,0,2048,0,2503,0,505,504,524,520,0,0,0,0,
1498,0,2518,0,1845,0,2248,0,2381,0,1712,0,2048,0,2048,0,2096,0,2070,0,1583,0,2429,0,2769,0,1499,0,2413,0,1771,0,2137,0,2114,0,2048,0,2503,0,500,502,512,552,0,0,0,0,
1498,0,2518,0,1845,0,2248,0,2381,0,1712,0,2048,0,2048,0,2103,0,2071,0,1566,0,2419,0,2810,0,1513,0,2416,0,1796,0,2150,0,2125,0,2048,0,2503,0,497,501,500,552,0,0,0,0,
1498,0,2518,0,1845,0,2248,0,2381,0,1712,0,2048,0,2048,0,2110,0,2071,0,1548,0,2410,0,2850,0,1529,0,2426,0,1814,0,2159,0,2131,0,2048,0,2503,0,497,502,505,538,0,0,0,0,
1498,0,2518,0,1845,0,2248,0,2381,0,1712,0,2048,0,2048,0,2112,0,2067,0,1530,0,2401,0,2886,0,1548,0,2445,0,1824,0,2161,0,2132,0,2048,0,2503,0,496,502,488,551,0,0,0,0,
1498,0,2518,0,1845,0,2248,0,2381,0,1712,0,2048,0,2048,0,2115,0,2065,0,1514,0,2392,0,2921,0,1566,0,2460,0,1836,0,2167,0,2134,0,2048,0,2503,0,500,502,497,562,0,0,0,0,
1498,0,2518,0,1845,0,2248,0,2381,0,1712,0,2048,0,2048,0,2119,0,2064,0,1499,0,2383,0,2947,0,1587,0,2487,0,1833,0,2171,0,2137,0,2048,0,2503,0,504,500,479,519,0,0,0,0,
1498,0,2518,0,1845,0,2248,0,2381,0,1712,0,2048,0,2048,0,2126,0,2066,0,1487,0,2376,0,2969,0,1605,0,2513,0,1828,0,2182,0,2145,0,2048,0,2503,0,501,500,498,518,0,0,0,0,
1498,0,2518,0,1845,0,2248,0,2381,0,1712,0,2048,0,2048,0,2129,0,2064,0,1477,0,2370,0,2992,0,1614,0,2515,0,1843,0,2186,0,2147,0,2048,0,2503,0,501,499,487,519,0,0,0,0,
1498,0,2518,0,1845,0,2248,0,2381,0,1712,0,2048,0,2048,0,2131,0,2064,0,1470,0,2366,0,3007,0,1623,0,2522,0,1848,0,2191,0,2151,0,2048,0,2503,0,500,500,490,511,0,0,0,0,
1498,0,2518,0,1845,0,2248,0,2381,0,1712,0,2048,0,2048,0,2131,0,2062,0,1466,0,2363,0,3016,0,1627,0,2523,0,1853,0,2189,0,2148,0,2048,0,2503,0,499,504,498,515,0,0,0,0,
1498,0,2518,0,1845,0,2248,0,2381,0,1712,0,2048,0,2048,0,2125,0,2055,0,1466,0,2363,0,3019,0,1627,0,2521,0,1857,0,2176,0,2134,0,2048,0,2503,0,499,506,488,518,0,0,0,0,
1498,0,2518,0,1845,0,2248,0,2381,0,1712,0,2048,0,2048,0,2121,0,2052,0,1468,0,2364,0,3014,0,1624,0,2519,0,1855,0,2169,0,2128,0,2048,0,2503,0,500,506,489,507,0,0,0,0,
1498,0,2518,0,1845,0,2248,0,2381,0,1712,0,2048,0,2048,0,2119,0,2053,0,1473,0,2368,0,3001,0,1618,0,2516,0,1849,0,2167,0,2127,0,2048,0,2503,0,501,509,484,513,0,0,0,0,
1498,0,2518,0,1845,0,2248,0,2381,0,1712,0,2048,0,2048,0,2112,0,2050,0,1482,0,2373,0,2983,0,1609,0,2510,0,1841,0,2154,0,2116,0,2048,0,2503,0,501,512,492,522,0,0,0,0,
1498,0,2518,0,1845,0,2248,0,2381,0,1712,0,2048,0,2048,0,2105,0,2047,0,1493,0,2380,0,2959,0,1595,0,2497,0,1834,0,2140,0,2105,0,2048,0,2503,0,501,515,487,524,0,0,0,0,
1498,0,2518,0,1845,0,2248,0,2381,0,1712,0,2048,0,2048,0,2096,0,2043,0,1506,0,2387,0,2931,0,1579,0,2483,0,1826,0,2126,0,2092,0,2048,0,2503,0,502,518,491,518,0,0,0,0,
1498,0,2518,0,1845,0,2248,0,2381,0,1712,0,2048,0,2048,0,2088,0,2040,0,1522,0,2396,0,2898,0,1563,0,2469,0,1814,0,2111,0,2080,0,2048,0,2503,0,504,518,486,520,0,0,0,0,
1498,0,2518,0,1845,0,2248,0,2381,0,1712,0,2048,0,2048,0,2084,0,2042,0,1539,0,2405,0,2861,0,1546,0,2457,0,1798,0,2106,0,2077,0,2048,0,2503,0,505,518,488,528,0,0,0,0,
1498,0,2518,0,1845,0,2248,0,2381,0,1712,0,2048,0,2048,0,2079,0,2044,0,1557,0,2415,0,2823,0,1528,0,2441,0,1786,0,2100,0,2074,0,2048,0,2503,0,505,519,479,528,0,0,0,0,
1498,0,2518,0,1845,0,2248,0,2381,0,1712,0,2048,0,2048,0,2074,0,2045,0,1575,0,2424,0,2786,0,1509,0,2422,0,1776,0,2091,0,2067,0,2048,0,2503,0,507,519,479,532,0,0,0,0,
1498,0,2518,0,1845,0,2248,0,2381,0,1712,0,2048,0,2048,0,2070,0,2046,0,1592,0,2433,0,2750,0,1492,0,2410,0,1760,0,2085,0,2063,0,2048,0,2503,0,509,520,481,526,0,0,0,0,
1498,0,2518,0,1845,0,2248,0,2381,0,1712,0,2048,0,2048,0,2064,0,2045,0,1607,0,2442,0,2717,0,1477,0,2400,0,1745,0,2077,0,2055,0,2048,0,2503,0,507,519,488,528,0,0,0,0,
1498,0,2518,0,1845,0,2248,0,2381,0,1712,0,2048,0,2048,0,2062,0,2047,0,1619,0,2450,0,2694,0,1458,0,2381,0,1743,0,2074,0,2053,0,2048,0,2503,0,507,518,486,536,0,0,0,0,
1498,0,2518,0,1845,0,2248,0,2381,0,1712,0,2048,0,2048,0,2060,0,2047,0,1627,0,2457,0,2677,0,1444,0,2373,0,1736,0,2071,0,2051,0,2048,0,2503,0,506,517,472,532,0,0,0,0,
1498,0,2518,0,1845,0,2248,0,2381,0,1712,0,2048,0,2048,0,2058,0,2048,0,1631,0,2463,0,2670,0,1431,0,2366,0,1733,0,2069,0,2049,0,2048,0,2503,0,505,515,471,532,0,0,0,0,
1498,0,2518,0,1845,0,2248,0,2381,0,1712,0,2048,0,2048,0,2058,0,2048,0,1629,0,2468,0,2674,0,1420,0,2364,0,1730,0,2069,0,2049,0,2048,0,2503,0,509,513,462,533,0,0,0,0,
1498,0,2518,0,1845,0,2248,0,2381,0,1712,0,2048,0,2048,0,2059,0,2049,0,1625,0,2472,0,2678,0,1416,0,2381,0,1715,0,2070,0,2050,0,2048,0,2503,0,509,512,472,533,0,0,0,0,
1498,0,2518,0,1845,0,2248,0,2381,0,1712,0,2048,0,2048,0,2057,0,2048,0,1623,0,2474,0,2684,0,1411,0,2383,0,1712,0,2067,0,2048,0,2048,0,2503,0,507,509,470,524,0,0,0,0,
1498,0,2518,0,1845,0,2248,0,2381,0,1712,0,2048,0,2048,0,2059,0,2050,0,1621,0,2475,0,2689,0,1407,0,2379,0,1717,0,2071,0,2052,0,2048,0,2503,0,509,506,474,519,0,0,0,0,
1498,0,2518,0,1845,0,2248,0,2381,0,1712,0,2048,0,2048,0,2062,0,2054,0,1621,0,2475,0,2688,0,1408,0,2385,0,1711,0,2077,0,2059,0,2048,0,2503,0,511,504,459,520,0,0,0,0,
1498,0,2518,0,1845,0,2248,0,2381,0,1712,0,2048,0,2048,0,2062,0,2053,0,1621,0,2474,0,2685,0,1412,0,2391,0,1706,0,2077,0,2058,0,2048,0,2503,0,512,502,470,519,0,0,0,0,
1498,0,2518,0,1845,0,2248,0,2381,0,1712,0,2048,0,2048,0,2063,0,2053,0,1623,0,2472,0,2681,0,1417,0,2392,0,1705,0,2079,0,2059,0,2048,0,2503,0,513,501,470,511,0,0,0,0,
1498,0,2518,0,1845,0,2248,0,2381,0,1712,0,2048,0,2048,0,2062,0,2052,0,1626,0,2469,0,2674,0,1424,0,2392,0,1705,0,2076,0,2056,0,2048,0,2503,0,514,504,459,508,0,0,0,0,
1498,0,2518,0,1845,0,2248,0,2381,0,1712,0,2048,0,2048,0,2054,0,2044,0,1631,0,2465,0,2665,0,1432,0,2390,0,1706,0,2060,0,2040,0,2048,0,2503,0,515,509,475,509,0,0,0,0,
1498,0,2518,0,1845,0,2248,0,2381,0,1712,0,2048,0,2048,0,2044,0,2033,0,1636,0,2466,0,2652,0,1430,0,2387,0,1702,0,2038,0,2018,0,2048,0,2503,0,514,511,483,492,0,0,0,0,
1498,0,2518,0,1845,0,2248,0,2381,0,1712,0,2048,0,2048,0,2039,0,2025,0,1643,0,2473,0,2640,0,1417,0,2378,0,1698,0,2026,0,2005,0,2048,0,2503,0,512,513,494,496,0,0,0,0,
1498,0,2518,0,1845,0,2248,0,2381,0,1712,0,2048,0,2048,0,2037,0,2020,0,1650,0,2483,0,2626,0,1395,0,2364,0,1694,0,2014,0,1993,0,2048,0,2503,0,511,514,491,505,0,0,0,0,
1498,0,2518,0,1845,0,2248,0,2381,0,1712,0,2048,0,2048,0,2035,0,2014,0,1658,0,2497,0,2609,0,1367,0,2352,0,1682,0,2007,0,1985,0,2048,0,2503,0,512,515,498,511,0,0,0,0,
1498,0,2518,0,1845,0,2248,0,2381,0,1712,0,2048,0,2048,0,2034,0,2008,0,1667,0,2513,0,2591,0,1333,0,2346,0,1662,0,1998,0,1975,0,2048,0,2503,0,512,519,487,514,0,0,0,0,
1498,0,2518,0,1845,0,2248,0,2381,0,1712,0,2048,0,2048,0,2030,0,1998,0,1677,0,2530,0,2572,0,1297,0,2336,0,1644,0,1981,0,1956,0,2048,0,2503,0,513,522,491,517,0,0,0,0,
