nID_1_GP,nID_1_PP,nID_2_GP,nID_2_PP,nID_3_GP,nID_3_PP,nID_4_GP,nID_4_PP,nID_5_GP,nID_5_PP,nID_6_GP,nID_6_PP,nID_7_GP,nID_7_PP,nID_8_GP,nID_8_PP,nID_9_GP,nID_9_PP,nID_10_GP,nID_10_PP,nID_11_GP,nID_11_PP,nID_12_GP,nID_12_PP,nID_13_GP,nID_13_PP,nID_14_GP,nID_14_PP,nID_15_GP,nID_15_PP,nID_16_GP,nID_16_PP,nID_17_GP,nID_17_PP,nID_18_GP,nID_18_PP,nID_19_GP,nID_19_PP,nID_20_GP,nID_20_PP,GyroFB,GyroRL,AccelFB,AccelRL,L_FSR_X,L_FSR_Y,R_FSR_X,R_FSR_Y,
1498,0,2518,0,1845,0,2248,0,2381,0,1712,0,2048,0,2048,0,2052,0,2044,0,1656,0,2440,0,2678,0,1418,0,2422,0,1674,0,2057,0,2039,0,2048,0,2503,0,512,512,488,512,0,0,0,0,
1498,0,2518,0,1845,0,2248,0,2381,0,1712,0,2048,0,2048,0,2049,0,2040,0,1657,0,2439,0,2677,0,1420,0,2421,0,1675,0,2051,0,2032,0,2048,0,2503,0,512,512,489,510,0,0,0,0,
1498,0,2518,0,1845,0,2248,0,2381,0,1712,0,2048,0,2048,0,2047,0,2037,0,1659,0,2437,0,2673,0,1425,0,2419,0,1677,0,2046,0,2026,0,2048,0,2503,0,512,512,489,512,0,0,0,0,
1498,0,2518,0,1845,0,2248,0,2381,0,1712,0,2048,0,2048,0,2044,0,2034,0,1662,0,2433,0,2666,0,1432,0,2416,0,1681,0,2040,0,2020,0,2048,0,2503,0,512,512,489,510,0,0,0,0,
1498,0,2518,0,1845,0,2248,0,2381,0,1712,0,2048,0,2048,0,2041,0,2031,0,1666,0,2430,0,2657,0,1439,0,2411,0,1685,0,2034,0,2014,0,2048,0,2503,0,512,512,488,513,0,0,0,0,
1498,0,2518,0,1845,0,2248,0,2381,0,1712,0,2048,0,2048,0,2039,0,2028,0,1671,0,2431,0,2646,0,1437,0,2405,0,1683,0,2028,0,2008,0,2048,0,2503,0,512,512,489,516,0,0,0,0,
1498,0,2518,0,1845,0,2248,0,2381,0,1712,0,2048,0,2048,0,2038,0,2025,0,1678,0,2437,0,2632,0,1424,0,2398,0,1677,0,2023,0,2002,0,2048,0,2503,0,512,512,487,520,0,0,0,0,
1498,0,2518,0,1845,0,2248,0,2381,0,1712,0,2048,0,2048,0,2037,0,2021,0,1685,0,2447,0,2617,0,1403,0,2390,0,1666,0,2017,0,1996,0,2048,0,2503,0,512,512,491,521,0,0,0,0,
1498,0,2518,0,1845,0,2248,0,2381,0,1712,0,2048,0,2048,0,2038,0,2017,0,1694,0,2461,0,2600,0,1374,0,2382,0,1651,0,2013,0,1991,0,2048,0,2503,0,512,512,484,518,0,0,0,0,
1498,0,2518,0,1845,0,2248,0,2381,0,1712,0,2048,0,2048,0,2039,0,2013,0,1702,0,2476,0,2582,0,1341,0,2372,0,1633,0,2008,0,1985,0,2048,0,2503,0,512,514,485,513,0,0,0,0,
1498,0,2518,0,1845,0,2248,0,2381,0,1712,0,2048,0,2048,0,2037,0,2006,0,1712,0,2493,0,2562,0,1305,0,2362,0,1614,0,1998,0,1973,0,2048,0,2503,0,512,518,487,509,0,0,0,0,
1498,0,2518,0,1845,0,2248,0,2381,0,1712,0,2048,0,2048,0,2032,0,1995,0,1721,0,2511,0,2543,0,1268,0,2352,0,1594,0,1981,0,1953,0,2048,0,2503,0,512,522,497,500,0,0,0,0,
1498,0,2518,0,1845,0,2248,0,2381,0,1712,0,2048,0,2048,0,2028,0,1985,0,1730,0,2527,0,2524,0,1231,0,2342,0,1575,0,1964,0,1935,0,2048,0,2503,0,510,524,488,493,0,0,0,0,
1498,0,2518,0,1845,0,2248,0,2381,0,1712,0,2048,0,2048,0,2026,0,1977,0,1739,0,2543,0,2506,0,1196,0,2326,0,1562,0,1955,0,1922,0,2048,0,2503,0,510,529,488,482,0,0,0,0,
1498,0,2518,0,1845,0,2248,0,2381,0,1712,0,2048,0,2048,0,2020,0,1966,0,1748,0,2557,0,2489,0,1166,0,2318,0,1546,0,1936,0,1902,0,2048,0,2503,0,515,532,469,503,0,0,0,0,
1498,0,2518,0,1845,0,2248,0,2381,0,1712,0,2048,0,2048,0,2015,0,1958,0,1755,0,2569,0,2471,0,1143,0,2325,0,1517,0,1925,0,1888,0,2048,0,2503,0,515,532,495,480,0,0,0,0,
1498,0,2518,0,1845,0,2248,0,2381,0,1712,0,2048,0,2048,0,2017,0,1955,0,1761,0,2578,0,2459,0,1122,0,2319,0,1506,0,1923,0,1884,0,2048,0,2503,0,514,530,474,524,0,0,0,0,
1498,0,2518,0,1845,0,2248,0,2381,0,1712,0,2048,0,2048,0,2021,0,1956,0,1765,0,2585,0,2451,0,1107,0,2311,0,1501,0,1928,0,1888,0,2048,0,2503,0,515,527,481,500,0,0,0,0,
1498,0,2518,0,1845,0,2248,0,2381,0,1712,0,2048,0,2048,0,2027,0,1960,0,1768,0,2589,0,2445,0,1100,0,2311,0,1493,0,1938,0,1897,0,2048,0,2503,0,515,524,490,519,0,0,0,0,
1498,0,2518,0,1845,0,2248,0,2381,0,1712,0,2048,0,2048,0,2032,0,1965,0,1768,0,2589,0,2443,0,1098,0,2311,0,1492,0,1948,0,1906,0,2048,0,2503,0,517,522,494,500,0,0,0,0,
1498,0,2518,0,1845,0,2248,0,2381,0,1712,0,2048,0,2048,0,2035,0,1970,0,1767,0,2587,0,2445,0,1105,0,2318,0,1489,0,1955,0,1914,0,2048,0,2503,0,518,519,498,517,0,0,0,0,
1498,0,2518,0,1845,0,2248,0,2381,0,1712,0,2048,0,2048,0,2039,0,1976,0,1763,0,2582,0,2451,0,1117,0,2325,0,1492,0,1966,0,1926,0,2048,0,2503,0,519,515,501,524,0,0,0,0,
1498,0,2518,0,1845,0,2248,0,2381,0,1712,0,2048,0,2048,0,2044,0,1984,0,1758,0,2574,0,2460,0,1136,0,2333,0,1499,0,1980,0,1942,0,2048,0,2503,0,515,513,510,515,0,0,0,0,
1498,0,2518,0,1845,0,2248,0,2381,0,1712,0,2048,0,2048,0,2047,0,1991,0,1751,0,2563,0,2478,0,1155,0,2329,0,1524,0,1988,0,1953,0,2048,0,2503,0,512,511,501,516,0,0,0,0,
1498,0,2518,0,1845,0,2248,0,2381,0,1712,0,2048,0,2048,0,2048,0,1996,0,1744,0,2550,0,2496,0,1182,0,2328,0,1548,0,1997,0,1963,0,2048,0,2503,0,510,511,510,532,0,0,0,0,
1498,0,2518,0,1845,0,2248,0,2381,0,1712,0,2048,0,2048,0,2046,0,2000,0,1735,0,2536,0,2515,0,1213,0,2331,0,1571,0,1999,0,1968,0,2048,0,2503,0,512,510,500,525,0,0,0,0,
1498,0,2518,0,1845,0,2248,0,2381,0,1712,0,2048,0,2048,0,2046,0,2006,0,1726,0,2519,0,2533,0,1249,0,2347,0,1584,0,2005,0,1976,0,2048,0,2503,0,509,509,504,507,0,0,0,0,
1498,0,2518,0,1845,0,2248,0,2381,0,1712,0,2048,0,2048,0,2046,0,2012,0,1716,0,2502,0,2555,0,1284,0,2348,0,1613,0,2012,0,1986,0,2048,0,2503,0,507,511,499,520,0,0,0,0,
1498,0,2518,0,1845,0,2248,0,2381,0,1712,0,2048,0,2048,0,2040,0,2012,0,1707,0,2485,0,2576,0,1319,0,2352,0,1639,0,2009,0,1985,0,2048,0,2503,0,509,512,487,521,0,0,0,0,
1498,0,2518,0,1845,0,2248,0,2381,0,1712,0,2048,0,2048,0,2038,0,2015,0,1698,0,2468,0,2593,0,1356,0,2368,0,1651,0,2010,0,1988,0,2048,0,2503,0,507,511,485,511,0,0,0,0,
1498,0,2518,0,1845,0,2248,0,2381,0,1712,0,2048,0,2048,0,2039,0,2020,0,1689,0,2453,0,2613,0,1385,0,2371,0,1674,0,2018,0,1996,0,2048,0,2503,0,506,510,489,498,0,0,0,0,
1498,0,2518,0,1845,0,2248,0,2381,0,1712,0,2048,0,2048,0,2041,0,2026,0,1682,0,2442,0,2630,0,1409,0,2377,0,1690,0,2026,0,2005,0,2048,0,2503,0,506,511,488,492,0,0,0,0,
1498,0,2518,0,1845,0,2248,0,2381,0,1712,0,2048,0,2048,0,2039,0,2027,0,1675,0,2433,0,2645,0,1427,0,2384,0,1699,0,2028,0,2008,0,2048,0,2503,0,505,512,480,503,0,0,0,0,
1498,0,2518,0,1845,0,2248,0,2381,0,1712,0,2048,0,2048,0,2040,0,2030,0,1669,0,2430,0,2658,0,1433,0,2388,0,1706,0,2031,0,2011,0,2048,0,2503,0,506,513,483,499,0,0,0,0,
1498,0,2518,0,1845,0,2248,0,2381,0,1712,0,2048,0,2048,0,2042,0,2032,0,1664,0,2431,0,2667,0,1431,0,2396,0,1701,0,2034,0,2014,0,2048,0,2503,0,507,513,472,484,0,0,0,0,
1498,0,2518,0,1845,0,2248,0,2381,0,1712,0,2048,0,2048,0,2045,0,2035,0,1660,0,2435,0,2674,0,1424,0,2403,0,1694,0,2040,0,2020,0,2048,0,2503,0,509,514,488,560,0,0,0,0,
1498,0,2518,0,1845,0,2248,0,2381,0,1712,0,2048,0,2048,0,2045,0,2036,0,1658,0,2438,0,2677,0,1420,0,2412,0,1685,0,2042,0,2023,0,2048,0,2503,0,520,509,446,568,0,0,0,0,
1498,0,2518,0,1845,0,2248,0,2381,0,1712,0,2048,0,2048,0,2057,0,2049,0,1656,0,2440,0,2671,0,1425,0,2446,0,1650,0,2067,0,2049,0,2048,0,2503,0,515,501,476,589,0,0,0,0,
1498,0,2518,0,1845,0,2248,0,2381,0,1712,0,2048,0,2048,0,2074,0,2065,0,1657,0,2439,0,2674,0,1421,0,2430,0,1666,0,2100,0,2081,0,2048,0,2503,0,513,492,450,529,0,0,0,0,
1498,0,2518,0,1845,0,2248,0,2381,0,1712,0,2048,0,2048,0,2092,0,2082,0,1659,0,2437,0,2671,0,1423,0,2422,0,1674,0,2136,0,2116,0,2048,0,2503,0,513,492,523,556,0,0,0,0,
1498,0,2518,0,1845,0,2248,0,2381,0,1712,0,2048,0,2048,0,2095,0,2085,0,1663,0,2434,0,2664,0,1430,0,2418,0,1677,0,2142,0,2122,0,2048,0,2503,0,513,494,500,537,0,0,0,0,
1498,0,2518,0,1845,0,2248,0,2381,0,1712,0,2048,0,2048,0,2095,0,2085,0,1666,0,2430,0,2657,0,1439,0,2414,0,1682,0,2142,0,2122,0,2048,0,2503,0,514,494,492,501,0,0,0,0,
1498,0,2518,0,1845,0,2248,0,2381,0,1712,0,2048,0,2048,0,2098,0,2087,0,1665,0,2425,0,2658,0,1451,0,2419,0,1685,0,2148,0,2128,0,2048,0,2503,0,517,495,488,470,0,0,0,0,
1498,0,2518,0,1845,0,2248,0,2381,0,1712,0,2048,0,2048,0,2099,0,2086,0,1659,0,2418,0,2668,0,1468,0,2434,0,1683,0,2150,0,2129,0,2048,0,2503,0,520,494,489,468,0,0,0,0,
1498,0,2518,0,1845,0,2248,0,2381,0,1712,0,2048,0,2048,0,2105,0,2089,0,1649,0,2411,0,2686,0,1486,0,2454,0,1682,0,2160,0,2139,0,2048,0,2503,0,519,496,478,470,0,0,0,0,
1498,0,2518,0,1845,0,2248,0,2381,0,1712,0,2048,0,2048,0,2105,0,2084,0,1635,0,2402,0,2716,0,1502,0,2466,0,1693,0,2158,0,2136,0,2048,0,2503,0,512,501,510,488,0,0,0,0,
1498,0,2518,0,1845,0,2248,0,2381,0,1712,0,2048,0,2048,0,2101,0,2075,0,1620,0,2394,0,2755,0,1514,0,2463,0,1724,0,2147,0,2124,0,2048,0,2503,0,507,505,501,495,0,0,0,0,
1498,0,2518,0,1845,0,2248,0,2381,0,1712,0,2048,0,2048,0,2098,0,2067,0,1603,0,2384,0,2795,0,1530,0,2467,0,1749,0,2140,0,2115,0,2048,0,2503,0,505,506,512,507,0,0,0,0,
1498,0,2518,0,1845,0,2248,0,2381,0,1712,0,2048,0,2048,0,2101,0,2064,0,1585,0,2375,0,2834,0,1547,0,2481,0,1765,0,2143,0,2115,0,2048,0,2503,0,505,504,477,529,0,0,0,0,
1498,0,2518,0,1845,0,2248,0,2381,0,1712,0,2048,0,2048,0,2108,0,2065,0,1569,0,2366,0,2871,0,1566,0,2500,0,1775,0,2154,0,2125,0,2048,0,2503,0,502,504,480,522,0,0,0,0,
1498,0,2518,0,1845,0,2248,0,2381,0,1712,0,2048,0,2048,0,2112,0,2063,0,1553,0,2357,0,2908,0,1582,0,2510,0,1794,0,2160,0,2127,0,2048,0,2503,0,505,504,462,537,0,0,0,0,
1498,0,2518,0,1845,0,2248,0,2381,0,1712,0,2048,0,2048,0,2115,0,2061,0,1539,0,2348,0,2935,0,1602,0,2535,0,1793,0,2164,0,2130,0,2048,0,2503,0,513,505,462,517,0,0,0,0,
1498,0,2518,0,1845,0,2248,0,2381,0,1712,0,2048,0,2048,0,2116,0,2059,0,1527,0,2341,0,2955,0,1623,0,2573,0,1777,0,2165,0,2128,0,2048,0,2503,0,514,506,477,526,0,0,0,0,
1498,0,2518,0,1845,0,2248,0,2381,0,1712,0,2048,0,2048,0,2118,0,2056,0,1518,0,2335,0,2975,0,1636,0,2587,0,1780,0,2166,0,2127,0,2048,0,2503,0,512,509,494,521,0,0,0,0,
1498,0,2518,0,1845,0,2248,0,2381,0,1712,0,2048,0,2048,0,2115,0,2050,0,1511,0,2331,0,2990,0,1644,0,2589,0,1791,0,2158,0,2118,0,2048,0,2503,0,511,510,497,501,0,0,0,0,
1498,0,2518,0,1845,0,2248,0,2381,0,1712,0,2048,0,2048,0,2114,0,2047,0,1507,0,2328,0,2998,0,1649,0,2591,0,1797,0,2155,0,2114,0,2048,0,2503,0,513,509,496,502,0,0,0,0,
1498,0,2518,0,1845,0,2248,0,2381,0,1712,0,2048,0,2048,0,2116,0,2049,0,1507,0,2328,0,3000,0,1651,0,2598,0,1791,0,2160,0,2118,0,2048,0,2503,0,515,506,483,495,0,0,0,0,
1498,0,2518,0,1845,0,2248,0,2381,0,1712,0,2048,0,2048,0,2120,0,2055,0,1509,0,2329,0,2993,0,1649,0,2601,0,1784,0,2169,0,2128,0,2048,0,2503,0,517,509,492,504,0,0,0,0,
1498,0,2518,0,1845,0,2248,0,2381,0,1712,0,2048,0,2048,0,2114,0,2051,0,1514,0,2333,0,2980,0,1644,0,2601,0,1774,0,2157,0,2117,0,2048,0,2503,0,517,511,497,497,0,0,0,0,
1498,0,2518,0,1845,0,2248,0,2381,0,1712,0,2048,0,2048,0,2108,0,2048,0,1522,0,2338,0,2962,0,1634,0,2591,0,1769,0,2147,0,2109,0,2048,0,2503,0,517,513,499,511,0,0,0,0,
1498,0,2518,0,1845,0,2248,0,2381,0,1712,0,2048,0,2048,0,2103,0,2047,0,1533,0,2345,0,2939,0,1620,0,2578,0,1761,0,2137,0,2102,0,2048,0,2503,0,515,515,504,496,0,0,0,0,
1498,0,2518,0,1845,0,2248,0,2381,0,1712,0,2048,0,2048,0,2096,0,2044,0,1546,0,2352,0,2912,0,1602,0,2557,0,1759,0,2126,0,2092,0,2048,0,2503,0,512,517,509,506,0,0,0,0,
1498,0,2518,0,1845,0,2248,0,2381,0,1712,0,2048,0,2048,0,2089,0,2043,0,1560,0,2361,0,2882,0,1582,0,2531,0,1759,0,2115,0,2084,0,2048,0,2503,0,511,515,497,517,0,0,0,0,
1498,0,2518,0,1845,0,2248,0,2381,0,1712,0,2048,0,2048,0,2088,0,2048,0,1577,0,2370,0,2847,0,1563,0,2509,0,1752,0,2116,0,2087,0,2048,0,2503,0,512,514,494,515,0,0,0,0,
1498,0,2518,0,1845,0,2248,0,2381,0,1712,0,2048,0,2048,0,2086,0,2052,0,1594,0,2380,0,2810,0,1543,0,2492,0,1739,0,2114,0,2088,0,2048,0,2503,0,513,514,488,517,0,0,0,0,
1498,0,2518,0,1845,0,2248,0,2381,0,1712,0,2048,0,2048,0,2082,0,2054,0,1611,0,2389,0,2773,0,1524,0,2475,0,1726,0,2108,0,2084,0,2048,0,2503,0,512,514,489,527,0,0,0,0,
1498,0,2518,0,1845,0,2248,0,2381,0,1712,0,2048,0,2048,0,2078,0,2055,0,1628,0,2398,0,2738,0,1505,0,2454,0,1719,0,2102,0,2080,0,2048,0,2503,0,511,514,493,528,0,0,0,0,
1498,0,2518,0,1845,0,2248,0,2381,0,1712,0,2048,0,2048,0,2074,0,2055,0,1643,0,2407,0,2707,0,1487,0,2434,0,1713,0,2097,0,2075,0,2048,0,2503,0,510,513,487,522,0,0,0,0,
1498,0,2518,0,1845,0,2248,0,2381,0,1712,0,2048,0,2048,0,2072,0,2057,0,1654,0,2414,0,2683,0,1470,0,2418,0,1707,0,2094,0,2073,0,2048,0,2503,0,509,513,486,523,0,0,0,0,
1498,0,2518,0,1845,0,2248,0,2381,0,1712,0,2048,0,2048,0,2069,0,2057,0,1663,0,2421,0,2666,0,1454,0,2406,0,1703,0,2088,0,2068,0,2048,0,2503,0,507,512,484,527,0,0,0,0,
1498,0,2518,0,1845,0,2248,0,2381,0,1712,0,2048,0,2048,0,2066,0,2056,0,1666,0,2427,0,2661,0,1440,0,2396,0,1702,0,2085,0,2065,0,2048,0,2503,0,506,509,486,523,0,0,0,0,
1498,0,2518,0,1845,0,2248,0,2381,0,1712,0,2048,0,2048,0,2068,0,2058,0,1665,0,2432,0,2665,0,1429,0,2395,0,1700,0,2089,0,2069,0,2048,0,2503,0,511,506,479,541,0,0,0,0,
1498,0,2518,0,1845,0,2248,0,2381,0,1712,0,2048,0,2048,0,2070,0,2060,0,1661,0,2436,0,2668,0,1426,0,2414,0,1681,0,2093,0,2073,0,2048,0,2503,0,510,504,492,455,0,0,0,0,
1498,0,2518,0,1845,0,2248,0,2381,0,1712,0,2048,0,2048,0,2070,0,2061,0,1658,0,2438,0,2675,0,1420,0,2414,0,1681,0,2093,0,2074,0,2048,0,2503,0,514,504,489,428,0,0,0,0,
1498,0,2518,0,1845,0,2248,0,2381,0,1712,0,2048,0,2048,0,2067,0,2058,0,1657,0,2440,0,2676,0,1420,0,2428,0,1668,0,2087,0,2068,0,2048,0,2503,0,525,511,439,474,0,0,0,0,
1498,0,2518,0,1845,0,2248,0,2381,0,1712,0,2048,0,2048,0,2053,0,2045,0,1656,0,2440,0,2666,0,1430,0,2461,0,1635,0,2060,0,2042,0,2048,0,2503,0,519,518,491,464,0,0,0,0,
1498,0,2518,0,1845,0,2248,0,2381,0,1712,0,2048,0,2048,0,2039,0,2030,0,1657,0,2439,0,2671,0,1426,0,2442,0,1654,0,2031,0,2012,0,2048,0,2503,0,515,520,512,498,0,0,0,0,
1498,0,2518,0,1845,0,2248,0,2381,0,1712,0,2048,0,2048,0,2034,0,2024,0,1659,0,2437,0,2671,0,1427,0,2428,0,1668,0,2020,0,2000,0,2048,0,2503,0,513,523,477,456,0,0,0,0,
1498,0,2518,0,1845,0,2248,0,2381,0,1712,0,2048,0,2048,0,2026,0,2016,0,1662,0,2433,0,2666,0,1432,0,2419,0,1678,0,2004,0,1984,0,2048,0,2503,0,512,528,513,484,0,0,0,0,
1498,0,2518,0,1845,0,2248,0,2381,0,1712,0,2048,0,2048,0,2015,0,2005,0,1666,0,2430,0,2657,0,1439,0,2411,0,1685,0,1981,0,1961,0,2048,0,2503,0,512,528,484,501,0,0,0,0,
1498,0,2518,0,1845,0,2248,0,2381,0,1712,0,2048,0,2048,0,2013,0,2002,0,1671,0,2431,0,2646,0,1437,0,2405,0,1683,0,1975,0,1955,0,2048,0,2503,0,511,524,479,553,0,0,0,0,
1498,0,2518,0,1845,0,2248,0,2381,0,1712,0,2048,0,2048,0,2018,0,2005,0,1678,0,2437,0,2632,0,1424,0,2395,0,1680,0,1983,0,1962,0,2048,0,2503,0,511,522,470,537,0,0,0,0,
1498,0,2518,0,1845,0,2248,0,2381,0,1712,0,2048,0,2048,0,2021,0,2005,0,1685,0,2447,0,2617,0,1403,0,2387,0,1669,0,1984,0,1963,0,2048,0,2503,0,511,520,497,542,0,0,0,0,
1498,0,2518,0,1845,0,2248,0,2381,0,1712,0,2048,0,2048,0,2025,0,2004,0,1694,0,2461,0,2600,0,1374,0,2379,0,1654,0,1987,0,1965,0,2048,0,2503,0,511,520,494,542,0,0,0,0,
1498,0,2518,0,1845,0,2248,0,2381,0,1712,0,2048,0,2048,0,2026,0,2000,0,1702,0,2476,0,2582,0,1341,0,2369,0,1636,0,1982,0,1959,0,2048,0,2503,0,509,519,492,515,0,0,0,0,
1498,0,2518,0,1845,0,2248,0,2381,0,1712,0,2048,0,2048,0,2029,0,1998,0,1712,0,2493,0,2564,0,1303,0,2353,0,1623,0,1981,0,1956,0,2048,0,2503,0,506,519,493,511,0,0,0,0,
1498,0,2518,0,1845,0,2248,0,2381,0,1712,0,2048,0,2048,0,2031,0,1994,0,1721,0,2511,0,2548,0,1263,0,2334,0,1612,0,1978,0,1950,0,2048,0,2503,0,504,520,499,488,0,0,0,0,
1498,0,2518,0,1845,0,2248,0,2381,0,1712,0,2048,0,2048,0,2031,0,1988,0,1730,0,2527,0,2531,0,1224,0,2318,0,1599,0,1971,0,1942,0,2048,0,2503,0,504,524,485,467,0,0,0,0,
1498,0,2518,0,1845,0,2248,0,2381,0,1712,0,2048,0,2048,0,2026,0,1977,0,1739,0,2543,0,2512,0,1190,0,2308,0,1580,0,1955,0,1922,0,2048,0,2503,0,510,522,483,438,0,0,0,0,
1498,0,2518,0,1845,0,2248,0,2381,0,1712,0,2048,0,2048,0,2032,0,1978,0,1748,0,2557,0,2489,0,1166,0,2318,0,1546,0,1959,0,1925,0,2048,0,2503,0,515,519,467,526,0,0,0,0,
1498,0,2518,0,1845,0,2248,0,2381,0,1712,0,2048,0,2048,0,2037,0,1980,0,1755,0,2569,0,2471,0,1143,0,2325,0,1517,0,1968,0,1931,0,2048,0,2503,0,513,517,478,495,0,0,0,0,
1498,0,2518,0,1845,0,2248,0,2381,0,1712,0,2048,0,2048,0,2042,0,1980,0,1761,0,2578,0,2461,0,1120,0,2313,0,1512,0,1973,0,1934,0,2048,0,2503,0,512,515,493,499,0,0,0,0,
1498,0,2518,0,1845,0,2248,0,2381,0,1712,0,2048,0,2048,0,2046,0,1981,0,1765,0,2585,0,2452,0,1106,0,2305,0,1507,0,1978,0,1938,0,2048,0,2503,0,513,513,503,506,0,0,0,0,
1498,0,2518,0,1845,0,2248,0,2381,0,1712,0,2048,0,2048,0,2051,0,1984,0,1768,0,2589,0,2447,0,1098,0,2305,0,1499,0,1985,0,1944,0,2048,0,2503,0,514,513,494,509,0,0,0,0,
1498,0,2518,0,1845,0,2248,0,2381,0,1712,0,2048,0,2048,0,2051,0,1984,0,1768,0,2589,0,2444,0,1097,0,2308,0,1495,0,1985,0,1943,0,2048,0,2503,0,515,513,496,501,0,0,0,0,
1498,0,2518,0,1845,0,2248,0,2381,0,1712,0,2048,0,2048,0,2050,0,1985,0,1767,0,2587,0,2447,0,1103,0,2312,0,1495,0,1985,0,1944,0,2048,0,2503,0,517,512,497,499,0,0,0,0,
1498,0,2518,0,1845,0,2248,0,2381,0,1712,0,2048,0,2048,0,2050,0,1987,0,1763,0,2582,0,2452,0,1116,0,2322,0,1495,0,1989,0,1949,0,2048,0,2503,0,518,510,504,507,0,0,0,0,
1498,0,2518,0,1845,0,2248,0,2381,0,1712,0,2048,0,2048,0,2052,0,1992,0,1758,0,2574,0,2461,0,1135,0,2330,0,1502,0,1996,0,1958,0,2048,0,2503,0,518,507,500,512,0,0,0,0,
1498,0,2518,0,1845,0,2248,0,2381,0,1712,0,2048,0,2048,0,2056,0,2000,0,1751,0,2563,0,2475,0,1158,0,2338,0,1515,0,2007,0,1972,0,2048,0,2503,0,513,505,507,514,0,0,0,0,
1498,0,2518,0,1845,0,2248,0,2381,0,1712,0,2048,0,2048,0,2058,0,2006,0,1744,0,2550,0,2496,0,1182,0,2331,0,1545,0,2017,0,1983,0,2048,0,2503,0,510,505,505,513,0,0,0,0,
1498,0,2518,0,1845,0,2248,0,2381,0,1712,0,2048,0,2048,0,2056,0,2010,0,1735,0,2536,0,2515,0,1213,0,2331,0,1571,0,2019,0,1988,0,2048,0,2503,0,512,505,498,492,0,0,0,0,
1498,0,2518,0,1845,0,2248,0,2381,0,1712,0,2048,0,2048,0,2054,0,2014,0,1726,0,2519,0,2533,0,1249,0,2347,0,1584,0,2022,0,1993,0,2048,0,2503,0,512,504,495,504,0,0,0,0,
1498,0,2518,0,1845,0,2248,0,2381,0,1712,0,2048,0,2048,0,2054,0,2020,0,1716,0,2502,0,2553,0,1286,0,2357,0,1604,0,2028,0,2002,0,2048,0,2503,0,509,504,499,495,0,0,0,0,
1498,0,2518,0,1845,0,2248,0,2381,0,1712,0,2048,0,2048,0,2052,0,2024,0,1707,0,2485,0,2574,0,1321,0,2358,0,1633,0,2032,0,2008,0,2048,0,2503,0,506,505,499,489,0,0,0,0,
1498,0,2518,0,1845,0,2248,0,2381,0,1712,0,2048,0,2048,0,2049,0,2026,0,1698,0,2468,0,2596,0,1353,0,2359,0,1660,0,2033,0,2011,0,2048,0,2503,0,509,506,494,483,0,0,0,0,
1498,0,2518,0,1845,0,2248,0,2381,0,1712,0,2048,0,2048,0,2048,0,2029,0,1689,0,2453,0,2611,0,1387,0,2377,0,1668,0,2035,0,2013,0,2048,0,2503,0,509,507,485,491,0,0,0,0,
1498,0,2518,0,1845,0,2248,0,2381,0,1712,0,2048,0,2048,0,2046,0,2031,0,1682,0,2442,0,2627,0,1412,0,2386,0,1681,0,2036,0,2015,0,2048,0,2503,0,506,506,484,479,0,0,0,0,
1498,0,2518,0,1845,0,2248,0,2381,0,1712,0,2048,0,2048,0,2048,0,2036,0,1675,0,2433,0,2645,0,1427,0,2384,0,1699,0,2045,0,2025,0,2048,0,2503,0,505,509,479,487,0,0,0,0,
1498,0,2518,0,1845,0,2248,0,2381,0,1712,0,2048,0,2048,0,2045,0,2035,0,1669,0,2430,0,2658,0,1433,0,2388,0,1706,0,2041,0,2021,0,2048,0,2503,0,506,511,493,491,0,0,0,0,
1498,0,2518,0,1845,0,2248,0,2381,0,1712,0,2048,0,2048,0,2044,0,2034,0,1664,0,2431,0,2667,0,1431,0,2396,0,1701,0,2040,0,2020,0,2048,0,2503,0,507,512,482,478,0,0,0,0,
1498,0,2518,0,1845,0,2248,0,2381,0,1712,0,2048,0,2048,0,2046,0,2036,0,1660,0,2435,0,2674,0,1424,0,2403,0,1694,0,2043,0,2023,0,2048,0,2503,0,505,517,486,480,0,0,0,0,
1498,0,2518,0,1845,0,2248,0,2381,0,1712,0,2048,0,2048,0,2040,0,2031,0,1658,0,2438,0,2681,0,1416,0,2400,0,1697,0,2032,0,2013,0,2048,0,2503,0,506,522,477,480,0,0,0,0,
1498,0,2518,0,1845,0,2248,0,2381,0,1712,0,2048,0,2048,0,2036,0,2028,0,1656,0,2440,0,2683,0,1413,0,2404,0,1692,0,2024,0,2006,0,2048,0,2503,0,506,525,476,508,0,0,0,0,
1498,0,2518,0,1845,0,2248,0,2381,0,1712,0,2048,0,2048,0,2035,0,2026,0,1657,0,2439,0,2681,0,1414,0,2403,0,1693,0,2021,0,2002,0,2048,0,2503,0,507,522,410,525,0,0,0,0,
1498,0,2518,0,1845,0,2248,0,2381,0,1712,0,2048,0,2048,0,2043,0,2033,0,1659,0,2437,0,2675,0,1419,0,2404,0,1692,0,2037,0,2017,0,2048,0,2503,0,520,514,426,516,0,0,0,0,
1498,0,2518,0,1845,0,2248,0,2381,0,1712,0,2048,0,2048,0,2059,0,2049,0,1663,0,2434,0,2657,0,1437,0,2439,0,1656,0,2070,0,2050,0,2048,0,2503,0,519,510,468,562,0,0,0,0,
1498,0,2518,0,1845,0,2248,0,2381,0,1712,0,2048,0,2048,0,2068,0,2058,0,1666,0,2430,0,2651,0,1445,0,2432,0,1664,0,2088,0,2068,0,2048,0,2503,0,515,507,491,533,0,0,0,0,
1498,0,2518,0,1845,0,2248,0,2381,0,1712,0,2048,0,2048,0,2076,0,2065,0,1665,0,2425,0,2657,0,1452,0,2422,0,1682,0,2104,0,2084,0,2048,0,2503,0,513,507,507,517,0,0,0,0,
1498,0,2518,0,1845,0,2248,0,2381,0,1712,0,2048,0,2048,0,2079,0,2066,0,1659,0,2418,0,2672,0,1464,0,2422,0,1695,0,2110,0,2089,0,2048,0,2503,0,512,505,485,534,0,0,0,0,
1498,0,2518,0,1845,0,2248,0,2381,0,1712,0,2048,0,2048,0,2086,0,2070,0,1649,0,2411,0,2693,0,1479,0,2430,0,1706,0,2123,0,2102,0,2048,0,2503,0,515,502,484,520,0,0,0,0,
1498,0,2518,0,1845,0,2248,0,2381,0,1712,0,2048,0,2048,0,2095,0,2074,0,1635,0,2402,0,2720,0,1498,0,2454,0,1705,0,2138,0,2116,0,2048,0,2503,0,517,501,499,486,0,0,0,0,
1498,0,2518,0,1845,0,2248,0,2381,0,1712,0,2048,0,2048,0,2101,0,2075,0,1620,0,2394,0,2751,0,1518,0,2478,0,1709,0,2147,0,2124,0,2048,0,2503,0,514,501,482,514,0,0,0,0,
1498,0,2518,0,1845,0,2248,0,2381,0,1712,0,2048,0,2048,0,2105,0,2074,0,1603,0,2384,0,2790,0,1535,0,2488,0,1728,0,2153,0,2128,0,2048,0,2503,0,512,501,494,510,0,0,0,0,
1498,0,2518,0,1845,0,2248,0,2381,0,1712,0,2048,0,2048,0,2109,0,2072,0,1585,0,2375,0,2828,0,1553,0,2502,0,1744,0,2159,0,2131,0,2048,0,2503,0,512,502,495,520,0,0,0,0,
1498,0,2518,0,1845,0,2248,0,2381,0,1712,0,2048,0,2048,0,2111,0,2068,0,1569,0,2366,0,2865,0,1572,0,2521,0,1754,0,2161,0,2132,0,2048,0,2503,0,512,499,491,523,0,0,0,0,
1498,0,2518,0,1845,0,2248,0,2381,0,1712,0,2048,0,2048,0,2120,0,2071,0,1553,0,2357,0,2899,0,1591,0,2540,0,1764,0,2177,0,2144,0,2048,0,2503,0,512,497,504,513,0,0,0,0,
1498,0,2518,0,1845,0,2248,0,2381,0,1712,0,2048,0,2048,0,2127,0,2073,0,1539,0,2348,0,2929,0,1608,0,2556,0,1772,0,2188,0,2154,0,2048,0,2503,0,514,497,482,532,0,0,0,0,
1498,0,2518,0,1845,0,2248,0,2381,0,1712,0,2048,0,2048,0,2130,0,2073,0,1527,0,2341,0,2954,0,1624,0,2576,0,1774,0,2192,0,2155,0,2048,0,2503,0,515,499,474,504,0,0,0,0,
1498,0,2518,0,1845,0,2248,0,2381,0,1712,0,2048,0,2048,0,2129,0,2067,0,1518,0,2335,0,2974,0,1637,0,2590,0,1777,0,2189,0,2150,0,2048,0,2503,0,514,500,495,525,0,0,0,0,
1498,0,2518,0,1845,0,2248,0,2381,0,1712,0,2048,0,2048,0,2130,0,2065,0,1511,0,2331,0,2989,0,1645,0,2595,0,1785,0,2188,0,2148,0,2048,0,2503,0,514,502,487,514,0,0,0,0,
1498,0,2518,0,1845,0,2248,0,2381,0,1712,0,2048,0,2048,0,2127,0,2060,0,1507,0,2328,0,2997,0,1650,0,2600,0,1788,0,2182,0,2141,0,2048,0,2503,0,514,505,503,493,0,0,0,0,
1498,0,2518,0,1845,0,2248,0,2381,0,1712,0,2048,0,2048,0,2122,0,2055,0,1507,0,2328,0,2999,0,1652,0,2601,0,1788,0,2173,0,2131,0,2048,0,2503,0,515,506,490,500,0,0,0,0,
1498,0,2518,0,1845,0,2248,0,2381,0,1712,0,2048,0,2048,0,2120,0,2055,0,1509,0,2329,0,2993,0,1649,0,2601,0,1784,0,2169,0,2128,0,2048,0,2503,0,518,509,497,502,0,0,0,0,
1498,0,2518,0,1845,0,2248,0,2381,0,1712,0,2048,0,2048,0,2114,0,2051,0,1514,0,2333,0,2979,0,1645,0,2604,0,1771,0,2157,0,2117,0,2048,0,2503,0,519,511,502,502,0,0,0,0,
1498,0,2518,0,1845,0,2248,0,2381,0,1712,0,2048,0,2048,0,2108,0,2048,0,1522,0,2338,0,2960,0,1636,0,2597,0,1763,0,2147,0,2109,0,2048,0,2503,0,518,513,495,502,0,0,0,0,
1498,0,2518,0,1845,0,2248,0,2381,0,1712,0,2048,0,2048,0,2103,0,2047,0,1533,0,2345,0,2938,0,1621,0,2581,0,1758,0,2137,0,2102,0,2048,0,2503,0,514,520,501,497,0,0,0,0,
1498,0,2518,0,1845,0,2248,0,2381,0,1712,0,2048,0,2048,0,2088,0,2036,0,1546,0,2352,0,2913,0,1601,0,2554,0,1762,0,2110,0,2076,0,2048,0,2503,0,514,522,501,500,0,0,0,0,
1498,0,2518,0,1845,0,2248,0,2381,0,1712,0,2048,0,2048,0,2081,0,2035,0,1560,0,2361,0,2881,0,1583,0,2537,0,1753,0,2098,0,2067,0,2048,0,2503,0,513,522,503,508,0,0,0,0,
1498,0,2518,0,1845,0,2248,0,2381,0,1712,0,2048,0,2048,0,2077,0,2037,0,1577,0,2370,0,2847,0,1563,0,2515,0,1746,0,2093,0,2064,0,2048,0,2503,0,512,522,502,516,0,0,0,0,
1498,0,2518,0,1845,0,2248,0,2381,0,1712,0,2048,0,2048,0,2073,0,2039,0,1594,0,2380,0,2810,0,1543,0,2492,0,1739,0,2087,0,2061,0,2048,0,2503,0,512,522,487,520,0,0,0,0,
1498,0,2518,0,1845,0,2248,0,2381,0,1712,0,2048,0,2048,0,2069,0,2041,0,1611,0,2389,0,2773,0,1524,0,2472,0,1729,0,2081,0,2057,0,2048,0,2503,0,511,522,489,518,0,0,0,0,
1498,0,2518,0,1845,0,2248,0,2381,0,1712,0,2048,0,2048,0,2065,0,2042,0,1628,0,2398,0,2738,0,1505,0,2451,0,1722,0,2075,0,2053,0,2048,0,2503,0,510,522,490,531,0,0,0,0,
1498,0,2518,0,1845,0,2248,0,2381,0,1712,0,2048,0,2048,0,2061,0,2042,0,1643,0,2407,0,2708,0,1486,0,2431,0,1716,0,2070,0,2048,0,2048,0,2503,0,510,522,492,537,0,0,0,0,
1498,0,2518,0,1845,0,2248,0,2381,0,1712,0,2048,0,2048,0,2057,0,2042,0,1654,0,2414,0,2683,0,1470,0,2418,0,1707,0,2064,0,2043,0,2048,0,2503,0,509,520,485,527,0,0,0,0,
1498,0,2518,0,1845,0,2248,0,2381,0,1712,0,2048,0,2048,0,2057,0,2045,0,1663,0,2421,0,2666,0,1454,0,2406,0,1703,0,2065,0,2045,0,2048,0,2503,0,506,517,495,537,0,0,0,0,
1498,0,2518,0,1845,0,2248,0,2381,0,1712,0,2048,0,2048,0,2058,0,2048,0,1666,0,2427,0,2662,0,1439,0,2393,0,1705,0,2069,0,2049,0,2048,0,2503,0,507,514,486,536,0,0,0,0,
1498,0,2518,0,1845,0,2248,0,2381,0,1712,0,2048,0,2048,0,2060,0,2050,0,1665,0,2432,0,2664,0,1430,0,2398,0,1697,0,2073,0,2053,0,2048,0,2503,0,509,512,495,531,0,0,0,0,
1498,0,2518,0,1845,0,2248,0,2381,0,1712,0,2048,0,2048,0,2060,0,2050,0,1661,0,2436,0,2670,0,1424,0,2408,0,1687,0,2073,0,2053,0,2048,0,2503,0,506,507,486,454,0,0,0,0,
1498,0,2518,0,1845,0,2248,0,2381,0,1712,0,2048,0,2048,0,2065,0,2056,0,1658,0,2438,0,2679,0,1416,0,2402,0,1693,0,2083,0,2064,0,2048,0,2503,0,512,504,465,471,0,0,0,0,
1498,0,2518,0,1845,0,2248,0,2381,0,1712,0,2048,0,2048,0,2067,0,2058,0,1657,0,2440,0,2677,0,1419,0,2422,0,1674,0,2087,0,2068,0,2048,0,2503,0,525,507,450,483,0,0,0,0,
1498,0,2518,0,1845,0,2248,0,2381,0,1712,0,2048,0,2048,0,2060,0,2052,0,1656,0,2440,0,2666,0,1430,0,2461,0,1635,0,2073,0,2055,0,2048,0,2503,0,522,511,536,485,0,0,0,0,
1498,0,2518,0,1845,0,2248,0,2381,0,1712,0,2048,0,2048,0,2050,0,2041,0,1657,0,2439,0,2668,0,1429,0,2451,0,1645,0,2054,0,2035,0,2048,0,2503,0,519,514,479,451,0,0,0,0,
1498,0,2518,0,1845,0,2248,0,2381,0,1712,0,2048,0,2048,0,2044,0,2034,0,1659,0,2437,0,2667,0,1431,0,2440,0,1656,0,2040,0,2020,0,2048,0,2503,0,515,517,507,462,0,0,0,0,
1498,0,2518,0,1845,0,2248,0,2381,0,1712,0,2048,0,2048,0,2036,0,2026,0,1662,0,2433,0,2664,0,1434,0,2425,0,1672,0,2024,0,2004,0,2048,0,2503,0,512,522,506,483,0,0,0,0,
1498,0,2518,0,1845,0,2248,0,2381,0,1712,0,2048,0,2048,0,2025,0,2015,0,1666,0,2430,0,2657,0,1439,0,2411,0,1685,0,2001,0,1981,0,2048,0,2503,0,512,525,504,515,0,0,0,0,
1498,0,2518,0,1845,0,2248,0,2381,0,1712,0,2048,0,2048,0,2018,0,2007,0,1671,0,2431,0,2646,0,1437,0,2405,0,1683,0,1985,0,1965,0,2048,0,2503,0,513,523,492,512,0,0,0,0,
1498,0,2518,0,1845,0,2248,0,2381,0,1712,0,2048,0,2048,0,2020,0,2007,0,1678,0,2437,0,2632,0,1424,0,2401,0,1674,0,1987,0,1966,0,2048,0,2503,0,511,519,502,518,0,0,0,0,
1498,0,2518,0,1845,0,2248,0,2381,0,1712,0,2048,0,2048,0,2026,0,2010,0,1685,0,2447,0,2617,0,1403,0,2387,0,1669,0,1994,0,1973,0,2048,0,2503,0,510,518,497,539,0,0,0,0,
1498,0,2518,0,1845,0,2248,0,2381,0,1712,0,2048,0,2048,0,2028,0,2007,0,1694,0,2461,0,2601,0,1373,0,2376,0,1657,0,1993,0,1971,0,2048,0,2503,0,509,519,501,539,0,0,0,0,
1498,0,2518,0,1845,0,2248,0,2381,0,1712,0,2048,0,2048,0,2028,0,2002,0,1702,0,2476,0,2584,0,1339,0,2363,0,1642,0,1985,0,1962,0,2048,0,2503,0,507,523,492,508,0,0,0,0,
1498,0,2518,0,1845,0,2248,0,2381,0,1712,0,2048,0,2048,0,2022,0,1991,0,1712,0,2493,0,2566,0,1301,0,2347,0,1629,0,1968,0,1943,0,2048,0,2503,0,507,524,484,502,0,0,0,0,
1498,0,2518,0,1845,0,2248,0,2381,0,1712,0,2048,0,2048,0,2022,0,1985,0,1721,0,2511,0,2547,0,1264,0,2337,0,1609,0,1961,0,1933,0,2048,0,2503,0,509,525,488,482,0,0,0,0,
1498,0,2518,0,1845,0,2248,0,2381,0,1712,0,2048,0,2048,0,2023,0,1980,0,1730,0,2527,0,2526,0,1229,0,2333,0,1584,0,1954,0,1925,0,2048,0,2503,0,507,524,470,483,0,0,0,0,
1498,0,2518,0,1845,0,2248,0,2381,0,1712,0,2048,0,2048,0,2026,0,1977,0,1739,0,2543,0,2509,0,1193,0,2317,0,1571,0,1955,0,1922,0,2048,0,2503,0,509,525,486,512,0,0,0,0,
1498,0,2518,0,1845,0,2248,0,2381,0,1712,0,2048,0,2048,0,2027,0,1973,0,1748,0,2557,0,2490,0,1165,0,2315,0,1549,0,1949,0,1915,0,2048,0,2503,0,512,525,474,504,0,0,0,0,
1498,0,2518,0,1845,0,2248,0,2381,0,1712,0,2048,0,2048,0,2027,0,1970,0,1755,0,2569,0,2473,0,1141,0,2316,0,1526,0,1948,0,1911,0,2048,0,2503,0,514,524,488,505,0,0,0,0,
1498,0,2518,0,1845,0,2248,0,2381,0,1712,0,2048,0,2048,0,2030,0,1968,0,1761,0,2578,0,2460,0,1121,0,2316,0,1509,0,1949,0,1910,0,2048,0,2503,0,513,520,503,514,0,0,0,0,
1498,0,2518,0,1845,0,2248,0,2381,0,1712,0,2048,0,2048,0,2038,0,1973,0,1765,0,2585,0,2452,0,1106,0,2308,0,1504,0,1962,0,1922,0,2048,0,2503,0,514,518,479,505,0,0,0,0,
1498,0,2518,0,1845,0,2248,0,2381,0,1712,0,2048,0,2048,0,2042,0,1975,0,1768,0,2589,0,2446,0,1099,0,2308,0,1496,0,1968,0,1927,0,2048,0,2503,0,513,517,491,505,0,0,0,0,
1498,0,2518,0,1845,0,2248,0,2381,0,1712,0,2048,0,2048,0,2044,0,1977,0,1768,0,2589,0,2445,0,1096,0,2305,0,1498,0,1972,0,1930,0,2048,0,2503,0,515,515,497,502,0,0,0,0,
1498,0,2518,0,1845,0,2248,0,2381,0,1712,0,2048,0,2048,0,2046,0,1981,0,1767,0,2587,0,2447,0,1103,0,2312,0,1495,0,1978,0,1937,0,2048,0,2503,0,517,514,492,509,0,0,0,0,
1498,0,2518,0,1845,0,2248,0,2381,0,1712,0,2048,0,2048,0,2047,0,1984,0,1763,0,2582,0,2452,0,1116,0,2322,0,1495,0,1983,0,1943,0,2048,0,2503,0,517,510,494,510,0,0,0,0,
1498,0,2518,0,1845,0,2248,0,2381,0,1712,0,2048,0,2048,0,2052,0,1992,0,1758,0,2574,0,2462,0,1134,0,2327,0,1505,0,1996,0,1958,0,2048,0,2503,0,513,506,489,516,0,0,0,0,
1498,0,2518,0,1845,0,2248,0,2381,0,1712,0,2048,0,2048,0,2058,0,2002,0,1751,0,2563,0,2480,0,1153,0,2323,0,1530,0,2011,0,1976,0,2048,0,2503,0,511,505,511,519,0,0,0,0,
1498,0,2518,0,1845,0,2248,0,2381,0,1712,0,2048,0,2048,0,2058,0,2006,0,1744,0,2550,0,2496,0,1182,0,2325,0,1551,0,2017,0,1983,0,2048,0,2503,0,512,505,493,511,0,0,0,0,
1498,0,2518,0,1845,0,2248,0,2381,0,1712,0,2048,0,2048,0,2056,0,2010,0,1735,0,2536,0,2514,0,1214,0,2337,0,1565,0,2019,0,1988,0,2048,0,2503,0,512,504,500,491,0,0,0,0,
1498,0,2518,0,1845,0,2248,0,2381,0,1712,0,2048,0,2048,0,2056,0,2016,0,1726,0,2519,0,2533,0,1249,0,2347,0,1584,0,2025,0,1996,0,2048,0,2503,0,510,505,499,501,0,0,0,0,
1498,0,2518,0,1845,0,2248,0,2381,0,1712,0,2048,0,2048,0,2052,0,2018,0,1716,0,2502,0,2554,0,1285,0,2351,0,1610,0,2025,0,1999,0,2048,0,2503,0,510,505,488,490,0,0,0,0,
1498,0,2518,0,1845,0,2248,0,2381,0,1712,0,2048,0,2048,0,2050,0,2022,0,1707,0,2485,0,2573,0,1322,0,2361,0,1630,0,2029,0,2005,0,2048,0,2503,0,507,505,485,494,0,0,0,0,
1498,0,2518,0,1845,0,2248,0,2381,0,1712,0,2048,0,2048,0,2049,0,2026,0,1698,0,2468,0,2595,0,1354,0,2362,0,1657,0,2033,0,2011,0,2048,0,2503,0,507,505,498,486,0,0,0,0,
1498,0,2518,0,1845,0,2248,0,2381,0,1712,0,2048,0,2048,0,2049,0,2030,0,1689,0,2453,0,2613,0,1385,0,2371,0,1674,0,2038,0,2016,0,2048,0,2503,0,506,505,497,504,0,0,0,0,
1498,0,2518,0,1845,0,2248,0,2381,0,1712,0,2048,0,2048,0,2049,0,2034,0,1682,0,2442,0,2630,0,1409,0,2377,0,1690,0,2043,0,2022,0,2048,0,2503,0,505,505,484,499,0,0,0,0,
1498,0,2518,0,1845,0,2248,0,2381,0,1712,0,2048,0,2048,0,2049,0,2037,0,1675,0,2433,0,2646,0,1426,0,2381,0,1702,0,2048,0,2028,0,2048,0,2503,0,504,507,491,487,0,0,0,0,
1498,0,2518,0,1845,0,2248,0,2381,0,1712,0,2048,0,2048,0,2048,0,2038,0,1669,0,2430,0,2659,0,1432,0,2385,0,1709,0,2047,0,2027,0,2048,0,2503,0,506,511,485,494,0,0,0,0,
1498,0,2518,0,1845,0,2248,0,2381,0,1712,0,2048,0,2048,0,2044,0,2034,0,1664,0,2431,0,2667,0,1431,0,2396,0,1701,0,2040,0,2020,0,2048,0,2503,0,505,513,480,479,0,0,0,0,
1498,0,2518,0,1845,0,2248,0,2381,0,1712,0,2048,0,2048,0,2045,0,2035,0,1660,0,2435,0,2676,0,1422,0,2397,0,1700,0,2040,0,2020,0,2048,0,2503,0,504,517,484,489,0,0,0,0,
1498,0,2518,0,1845,0,2248,0,2381,0,1712,0,2048,0,2048,0,2040,0,2031,0,1658,0,2438,0,2682,0,1415,0,2397,0,1700,0,2032,0,2013,0,2048,0,2503,0,505,522,476,493,0,0,0,0,
1498,0,2518,0,1845,0,2248,0,2381,0,1712,0,2048,0,2048,0,2036,0,2028,0,1656,0,2440,0,2684,0,1412,0,2401,0,1695,0,2024,0,2006,0,2048,0,2503,0,504,525,400,512,0,0,0,0,
1498,0,2518,0,1845,0,2248,0,2381,0,1712,0,2048,0,2048,0,2035,0,2026,0,1657,0,2439,0,2683,0,1412,0,2397,0,1699,0,2021,0,2002,0,2048,0,2503,0,512,518,478,618,0,0,0,0,
1498,0,2518,0,1845,0,2248,0,2381,0,1712,0,2048,0,2048,0,2049,0,2039,0,1659,0,2437,0,2671,0,1423,0,2419,0,1677,0,2050,0,2030,0,2048,0,2503,0,523,510,408,588,0,0,0,0,
1498,0,2518,0,1845,0,2248,0,2381,0,1712,0,2048,0,2048,0,2065,0,2055,0,1663,0,2434,0,2654,0,1440,0,2448,0,1647,0,2082,0,2062,0,2048,0,2503,0,518,505,503,532,0,0,0,0,
1498,0,2518,0,1845,0,2248,0,2381,0,1712,0,2048,0,2048,0,2076,0,2066,0,1666,0,2430,0,2652,0,1444,0,2429,0,1667,0,2105,0,2085,0,2048,0,2503,0,515,504,486,545,0,0,0,0,
1498,0,2518,0,1845,0,2248,0,2381,0,1712,0,2048,0,2048,0,2081,0,2070,0,1665,0,2425,0,2657,0,1452,0,2422,0,1682,0,2114,0,2094,0,2048,0,2503,0,513,504,498,556,0,0,0,0,
1498,0,2518,0,1845,0,2248,0,2381,0,1712,0,2048,0,2048,0,2084,0,2071,0,1659,0,2418,0,2672,0,1464,0,2422,0,1695,0,2120,0,2099,0,2048,0,2503,0,513,504,506,503,0,0,0,0,
1498,0,2518,0,1845,0,2248,0,2381,0,1712,0,2048,0,2048,0,2088,0,2072,0,1649,0,2411,0,2693,0,1479,0,2433,0,1703,0,2126,0,2105,0,2048,0,2503,0,518,504,487,509,0,0,0,0,
1498,0,2518,0,1845,0,2248,0,2381,0,1712,0,2048,0,2048,0,2092,0,2071,0,1635,0,2402,0,2717,0,1501,0,2463,0,1696,0,2131,0,2109,0,2048,0,2503,0,515,501,498,501,0,0,0,0,
1498,0,2518,0,1845,0,2248,0,2381,0,1712,0,2048,0,2048,0,2101,0,2075,0,1620,0,2394,0,2753,0,1516,0,2472,0,1715,0,2147,0,2124,0,2048,0,2503,0,512,501,499,504,0,0,0,0,
1498,0,2518,0,1845,0,2248,0,2381,0,1712,0,2048,0,2048,0,2105,0,2074,0,1603,0,2384,0,2791,0,1534,0,2482,0,1734,0,2153,0,2128,0,2048,0,2503,0,511,500,486,523,0,0,0,0,
1498,0,2518,0,1845,0,2248,0,2381,0,1712,0,2048,0,2048,0,2111,0,2074,0,1585,0,2375,0,2828,0,1553,0,2499,0,1747,0,2163,0,2135,0,2048,0,2503,0,509,496,504,533,0,0,0,0,
1498,0,2518,0,1845,0,2248,0,2381,0,1712,0,2048,0,2048,0,2121,0,2078,0,1569,0,2366,0,2867,0,1570,0,2512,0,1763,0,2181,0,2152,0,2048,0,2503,0,511,499,484,513,0,0,0,0,
1498,0,2518,0,1845,0,2248,0,2381,0,1712,0,2048,0,2048,0,2120,0,2071,0,1553,0,2357,0,2899,0,1591,0,2537,0,1767,0,2177,0,2144,0,2048,0,2503,0,510,497,486,520,0,0,0,0,
1498,0,2518,0,1845,0,2248,0,2381,0,1712,0,2048,0,2048,0,2127,0,2073,0,1539,0,2348,0,2930,0,1607,0,2550,0,1778,0,2188,0,2154,0,2048,0,2503,0,512,496,480,526,0,0,0,0,
1498,0,2518,0,1845,0,2248,0,2381,0,1712,0,2048,0,2048,0,2131,0,2074,0,1527,0,2341,0,2955,0,1623,0,2570,0,1780,0,2195,0,2158,0,2048,0,2503,0,513,496,475,523,0,0,0,0,
1498,0,2518,0,1845,0,2248,0,2381,0,1712,0,2048,0,2048,0,2134,0,2072,0,1518,0,2335,0,2976,0,1635,0,2584,0,1783,0,2199,0,2160,0,2048,0,2503,0,513,499,486,506,0,0,0,0,
1498,0,2518,0,1845,0,2248,0,2381,0,1712,0,2048,0,2048,0,2131,0,2066,0,1511,0,2331,0,2990,0,1644,0,2592,0,1788,0,2191,0,2151,0,2048,0,2503,0,513,501,481,526,0,0,0,0,
1498,0,2518,0,1845,0,2248,0,2381,0,1712,0,2048,0,2048,0,2129,0,2062,0,1507,0,2328,0,2998,0,1649,0,2597,0,1791,0,2185,0,2144,0,2048,0,2503,0,512,504,482,512,0,0,0,0,
1498,0,2518,0,1845,0,2248,0,2381,0,1712,0,2048,0,2048,0,2124,0,2057,0,1507,0,2328,0,3000,0,1651,0,2595,0,1794,0,2176,0,2134,0,2048,0,2503,0,514,506,490,517,0,0,0,0,
1498,0,2518,0,1845,0,2248,0,2381,0,1712,0,2048,0,2048,0,2120,0,2055,0,1509,0,2329,0,2994,0,1648,0,2598,0,1787,0,2169,0,2128,0,2048,0,2503,0,517,509,498,508,0,0,0,0,
1498,0,2518,0,1845,0,2248,0,2381,0,1712,0,2048,0,2048,0,2114,0,2051,0,1514,0,2333,0,2980,0,1644,0,2601,0,1774,0,2157,0,2117,0,2048,0,2503,0,518,511,500,506,0,0,0,0,
1498,0,2518,0,1845,0,2248,0,2381,0,1712,0,2048,0,2048,0,2108,0,2048,0,1522,0,2338,0,2961,0,1635,0,2594,0,1766,0,2147,0,2109,0,2048,0,2503,0,517,514,502,507,0,0,0,0,
1498,0,2518,0,1845,0,2248,0,2381,0,1712,0,2048,0,2048,0,2101,0,2045,0,1533,0,2345,0,2939,0,1620,0,2578,0,1761,0,2134,0,2099,0,2048,0,2503,0,514,519,495,506,0,0,0,0,
1498,0,2518,0,1845,0,2248,0,2381,0,1712,0,2048,0,2048,0,2090,0,2038,0,1546,0,2352,0,2913,0,1601,0,2554,0,1762,0,2113,0,2079,0,2048,0,2503,0,513,522,501,504,0,0,0,0,
1498,0,2518,0,1845,0,2248,0,2381,0,1712,0,2048,0,2048,0,2081,0,2035,0,1560,0,2361,0,2882,0,1582,0,2534,0,1756,0,2098,0,2067,0,2048,0,2503,0,513,520,500,516,0,0,0,0,
1498,0,2518,0,1845,0,2248,0,2381,0,1712,0,2048,0,2048,0,2080,0,2040,0,1577,0,2370,0,2847,0,1563,0,2515,0,1746,0,2100,0,2071,0,2048,0,2503,0,512,520,488,512,0,0,0,0,
1498,0,2518,0,1845,0,2248,0,2381,0,1712,0,2048,0,2048,0,2076,0,2042,0,1594,0,2380,0,2810,0,1543,0,2492,0,1739,0,2094,0,2068,0,2048,0,2503,0,512,520,491,532,0,0,0,0,
1498,0,2518,0,1845,0,2248,0,2381,0,1712,0,2048,0,2048,0,2072,0,2044,0,1611,0,2389,0,2773,0,1524,0,2472,0,1729,0,2088,0,2064,0,2048,0,2503,0,511,519,494,528,0,0,0,0,
1498,0,2518,0,1845,0,2248,0,2381,0,1712,0,2048,0,2048,0,2070,0,2047,0,1628,0,2398,0,2738,0,1505,0,2451,0,1722,0,2085,0,2063,0,2048,0,2503,0,511,519,489,532,0,0,0,0,
1498,0,2518,0,1845,0,2248,0,2381,0,1712,0,2048,0,2048,0,2066,0,2047,0,1643,0,2407,0,2707,0,1487,0,2434,0,1713,0,2080,0,2058,0,2048,0,2503,0,510,519,497,522,0,0,0,0,
1498,0,2518,0,1845,0,2248,0,2381,0,1712,0,2048,0,2048,0,2062,0,2047,0,1654,0,2414,0,2683,0,1470,0,2418,0,1707,0,2074,0,2053,0,2048,0,2503,0,509,518,489,528,0,0,0,0,
1498,0,2518,0,1845,0,2248,0,2381,0,1712,0,2048,0,2048,0,2060,0,2048,0,1663,0,2421,0,2666,0,1454,0,2406,0,1703,0,2071,0,2051,0,2048,0,2503,0,509,515,489,522,0,0,0,0,
1498,0,2518,0,1845,0,2248,0,2381,0,1712,0,2048,0,2048,0,2061,0,2051,0,1666,0,2427,0,2659,0,1442,0,2402,0,1696,0,2075,0,2055,0,2048,0,2503,0,505,511,499,524,0,0,0,0,
1498,0,2518,0,1845,0,2248,0,2381,0,1712,0,2048,0,2048,0,2064,0,2054,0,1665,0,2432,0,2666,0,1428,0,2392,0,1703,0,2082,0,2062,0,2048,0,2503,0,510,509,478,543,0,0,0,0,
1498,0,2518,0,1845,0,2248,0,2381,0,1712,0,2048,0,2048,0,2065,0,2055,0,1661,0,2436,0,2669,0,1425,0,2411,0,1684,0,2083,0,2063,0,2048,0,2503,0,510,505,490,473,0,0,0,0,
1498,0,2518,0,1845,0,2248,0,2381,0,1712,0,2048,0,2048,0,2068,0,2059,0,1658,0,2438,0,2675,0,1420,0,2414,0,1681,0,2090,0,2071,0,2048,0,2503,0,523,506,501,455,0,0,0,0,
1498,0,2518,0,1845,0,2248,0,2381,0,1712,0,2048,0,2048,0,2064,0,2055,0,1657,0,2440,0,2667,0,1429,0,2455,0,1641,0,2081,0,2062,0,2048,0,2503,0,524,509,448,487,0,0,0,0,
1498,0,2518,0,1845,0,2248,0,2381,0,1712,0,2048,0,2048,0,2057,0,2049,0,1656,0,2440,0,2667,0,1429,0,2458,0,1638,0,2067,0,2049,0,2048,0,2503,0,520,512,498,462,0,0,0,0,
1498,0,2518,0,1845,0,2248,0,2381,0,1712,0,2048,0,2048,0,2049,0,2040,0,1657,0,2439,0,2670,0,1427,0,2445,0,1651,0,2051,0,2032,0,2048,0,2503,0,518,518,511,476,0,0,0,0,
1498,0,2518,0,1845,0,2248,0,2381,0,1712,0,2048,0,2048,0,2037,0,2027,0,1659,0,2437,0,2668,0,1430,0,2437,0,1659,0,2026,0,2006,0,2048,0,2503,0,514,522,496,474,0,0,0,0,
1498,0,2518,0,1845,0,2248,0,2381,0,1712,0,2048,0,2048,0,2028,0,2018,0,1662,0,2433,0,2665,0,1433,0,2422,0,1675,0,2007,0,1987,0,2048,0,2503,0,512,525,507,480,0,0,0,0,
1498,0,2518,0,1845,0,2248,0,2381,0,1712,0,2048,0,2048,0,2020,0,2010,0,1666,0,2430,0,2657,0,1439,0,2411,0,1685,0,1991,0,1971,0,2048,0,2503,0,513,525,511,480,0,0,0,0,
1498,0,2518,0,1845,0,2248,0,2381,0,1712,0,2048,0,2048,0,2018,0,2007,0,1671,0,2431,0,2646,0,1437,0,2408,0,1680,0,1985,0,1965,0,2048,0,2503,0,512,522,493,517,0,0,0,0,
1498,0,2518,0,1845,0,2248,0,2381,0,1712,0,2048,0,2048,0,2022,0,2009,0,1678,0,2437,0,2632,0,1424,0,2398,0,1677,0,1990,0,1969,0,2048,0,2503,0,510,520,491,528,0,0,0,0,
1498,0,2518,0,1845,0,2248,0,2381,0,1712,0,2048,0,2048,0,2024,0,2008,0,1685,0,2447,0,2618,0,1402,0,2384,0,1672,0,1991,0,1970,0,2048,0,2503,0,507,520,486,539,0,0,0,0,
1498,0,2518,0,1845,0,2248,0,2381,0,1712,0,2048,0,2048,0,2025,0,2004,0,1694,0,2461,0,2604,0,1370,0,2367,0,1666,0,1987,0,1965,0,2048,0,2503,0,506,522,489,520,0,0,0,0,
1498,0,2518,0,1845,0,2248,0,2381,0,1712,0,2048,0,2048,0,2023,0,1997,0,1702,0,2476,0,2587,0,1336,0,2354,0,1651,0,1975,0,1952,0,2048,0,2503,0,505,520,484,513,0,0,0,0,
1498,0,2518,0,1845,0,2248,0,2381,0,1712,0,2048,0,2048,0,2027,0,1996,0,1712,0,2493,0,2568,0,1299,0,2341,0,1635,0,1978,0,1953,0,2048,0,2503,0,506,522,484,496,0,0,0,0,
1498,0,2518,0,1845,0,2248,0,2381,0,1712,0,2048,0,2048,0,2026,0,1989,0,1721,0,2511,0,2548,0,1263,0,2334,0,1612,0,1968,0,1940,0,2048,0,2503,0,509,523,482,494,0,0,0,0,
1498,0,2518,0,1845,0,2248,0,2381,0,1712,0,2048,0,2048,0,2026,0,1983,0,1730,0,2527,0,2526,0,1229,0,2333,0,1584,0,1961,0,1932,0,2048,0,2503,0,507,523,470,499,0,0,0,0,
1498,0,2518,0,1845,0,2248,0,2381,0,1712,0,2048,0,2048,0,2028,0,1979,0,1739,0,2543,0,2509,0,1193,0,2317,0,1571,0,1959,0,1926,0,2048,0,2503,0,506,524,497,499,0,0,0,0,
1498,0,2518,0,1845,0,2248,0,2381,0,1712,0,2048,0,2048,0,2028,0,1974,0,1748,0,2557,0,2493,0,1162,0,2306,0,1558,0,1952,0,1918,0,2048,0,2503,0,512,523,481,491,0,0,0,0,
1498,0,2518,0,1845,0,2248,0,2381,0,1712,0,2048,0,2048,0,2030,0,1973,0,1755,0,2569,0,2473,0,1141,0,2316,0,1526,0,1955,0,1918,0,2048,0,2503,0,514,522,486,502,0,0,0,0,
1498,0,2518,0,1845,0,2248,0,2381,0,1712,0,2048,0,2048,0,2034,0,1972,0,1761,0,2578,0,2460,0,1121,0,2316,0,1509,0,1956,0,1917,0,2048,0,2503,0,514,519,496,515,0,0,0,0,
1498,0,2518,0,1845,0,2248,0,2381,0,1712,0,2048,0,2048,0,2040,0,1975,0,1765,0,2585,0,2451,0,1107,0,2311,0,1501,0,1965,0,1925,0,2048,0,2503,0,513,518,478,489,0,0,0,0,
1498,0,2518,0,1845,0,2248,0,2381,0,1712,0,2048,0,2048,0,2042,0,1975,0,1768,0,2589,0,2447,0,1098,0,2305,0,1499,0,1968,0,1927,0,2048,0,2503,0,513,517,485,508,0,0,0,0,
1498,0,2518,0,1845,0,2248,0,2381,0,1712,0,2048,0,2048,0,2044,0,1977,0,1768,0,2589,0,2445,0,1096,0,2305,0,1498,0,1972,0,1930,0,2048,0,2503,0,517,515,484,494,0,0,0,0,
1498,0,2518,0,1845,0,2248,0,2381,0,1712,0,2048,0,2048,0,2046,0,1981,0,1767,0,2587,0,2445,0,1105,0,2318,0,1489,0,1978,0,1937,0,2048,0,2503,0,518,513,503,503,0,0,0,0,
1498,0,2518,0,1845,0,2248,0,2381,0,1712,0,2048,0,2048,0,2049,0,1986,0,1763,0,2582,0,2451,0,1117,0,2325,0,1492,0,1986,0,1946,0,2048,0,2503,0,518,512,486,515,0,0,0,0,
1498,0,2518,0,1845,0,2248,0,2381,0,1712,0,2048,0,2048,0,2049,0,1989,0,1758,0,2574,0,2461,0,1135,0,2330,0,1502,0,1990,0,1952,0,2048,0,2503,0,514,507,500,516,0,0,0,0,
1498,0,2518,0,1845,0,2248,0,2381,0,1712,0,2048,0,2048,0,2056,0,2000,0,1751,0,2563,0,2479,0,1154,0,2326,0,1527,0,2007,0,1972,0,2048,0,2503,0,511,505,510,523,0,0,0,0,
1498,0,2518,0,1845,0,2248,0,2381,0,1712,0,2048,0,2048,0,2058,0,2006,0,1744,0,2550,0,2496,0,1182,0,2325,0,1551,0,2017,0,1983,0,2048,0,2503,0,512,505,493,517,0,0,0,0,
1498,0,2518,0,1845,0,2248,0,2381,0,1712,0,2048,0,2048,0,2056,0,2010,0,1735,0,2536,0,2514,0,1214,0,2337,0,1565,0,2019,0,1988,0,2048,0,2503,0,512,504,505,493,0,0,0,0,
1498,0,2518,0,1845,0,2248,0,2381,0,1712,0,2048,0,2048,0,2056,0,2016,0,1726,0,2519,0,2533,0,1249,0,2347,0,1584,0,2025,0,1996,0,2048,0,2503,0,509,505,504,501,0,0,0,0,
1498,0,2518,0,1845,0,2248,0,2381,0,1712,0,2048,0,2048,0,2052,0,2018,0,1716,0,2502,0,2555,0,1284,0,2348,0,1613,0,2025,0,1999,0,2048,0,2503,0,509,505,492,486,0,0,0,0,
1498,0,2518,0,1845,0,2248,0,2381,0,1712,0,2048,0,2048,0,2050,0,2022,0,1707,0,2485,0,2574,0,1321,0,2358,0,1633,0,2029,0,2005,0,2048,0,2503,0,507,505,493,495,0,0,0,0,
1498,0,2518,0,1845,0,2248,0,2381,0,1712,0,2048,0,2048,0,2049,0,2026,0,1698,0,2468,0,2595,0,1354,0,2362,0,1657,0,2033,0,2011,0,2048,0,2503,0,506,505,494,501,0,0,0,0,
1498,0,2518,0,1845,0,2248,0,2381,0,1712,0,2048,0,2048,0,2049,0,2030,0,1689,0,2453,0,2614,0,1384,0,2368,0,1677,0,2038,0,2016,0,2048,0,2503,0,506,506,495,498,0,0,0,0,
1498,0,2518,0,1845,0,2248,0,2381,0,1712,0,2048,0,2048,0,2048,0,2033,0,1682,0,2442,0,2630,0,1409,0,2377,0,1690,0,2040,0,2019,0,2048,0,2503,0,504,507,491,504,0,0,0,0,
1498,0,2518,0,1845,0,2248,0,2381,0,1712,0,2048,0,2048,0,2046,0,2034,0,1675,0,2433,0,2647,0,1425,0,2378,0,1705,0,2041,0,2021,0,2048,0,2503,0,502,510,489,498,0,0,0,0,
1498,0,2518,0,1845,0,2248,0,2381,0,1712,0,2048,0,2048,0,2043,0,2033,0,1669,0,2430,0,2661,0,1430,0,2379,0,1715,0,2037,0,2017,0,2048,0,2503,0,505,512,481,487,0,0,0,0,
1498,0,2518,0,1845,0,2248,0,2381,0,1712,0,2048,0,2048,0,2043,0,2033,0,1664,0,2431,0,2668,0,1430,0,2393,0,1704,0,2037,0,2017,0,2048,0,2503,0,505,514,468,486,0,0,0,0,
1498,0,2518,0,1845,0,2248,0,2381,0,1712,0,2048,0,2048,0,2043,0,2033,0,1660,0,2435,0,2676,0,1422,0,2397,0,1700,0,2037,0,2017,0,2048,0,2503,0,504,518,486,488,0,0,0,0,
1498,0,2518,0,1845,0,2248,0,2381,0,1712,0,2048,0,2048,0,2038,0,2029,0,1658,0,2438,0,2682,0,1415,0,2397,0,1700,0,2028,0,2009,0,2048,0,2503,0,504,523,474,491,0,0,0,0,
1498,0,2518,0,1845,0,2248,0,2381,0,1712,0,2048,0,2048,0,2034,0,2026,0,1656,0,2440,0,2685,0,1411,0,2398,0,1698,0,2021,0,2003,0,2048,0,2503,0,502,524,423,512,0,0,0,0,
1498,0,2518,0,1845,0,2248,0,2381,0,1712,0,2048,0,2048,0,2036,0,2027,0,1657,0,2439,0,2685,0,1410,0,2391,0,1705,0,2024,0,2005,0,2048,0,2503,0,509,519,470,553,0,0,0,0,
1498,0,2518,0,1845,0,2248,0,2381,0,1712,0,2048,0,2048,0,2048,0,2038,0,1659,0,2437,0,2673,0,1421,0,2410,0,1686,0,2047,0,2027,0,2048,0,2503,0,523,511,422,539,0,0,0,0,
1498,0,2518,0,1845,0,2248,0,2381,0,1712,0,2048,0,2048,0,2063,0,2053,0,1663,0,2434,0,2654,0,1440,0,2448,0,1647,0,2079,0,2059,0,2048,0,2503,0,520,506,505,524,0,0,0,0,
1498,0,2518,0,1845,0,2248,0,2381,0,1712,0,2048,0,2048,0,2075,0,2065,0,1666,0,2430,0,2650,0,1446,0,2435,0,1661,0,2102,0,2082,0,2048,0,2503,0,517,504,474,533,0,0,0,0,
1498,0,2518,0,1845,0,2248,0,2381,0,1712,0,2048,0,2048,0,2081,0,2070,0,1665,0,2425,0,2655,0,1454,0,2428,0,1676,0,2114,0,2094,0,2048,0,2503,0,515,504,474,555,0,0,0,0,
1498,0,2518,0,1845,0,2248,0,2381,0,1712,0,2048,0,2048,0,2084,0,2071,0,1659,0,2418,0,2670,0,1466,0,2428,0,1689,0,2120,0,2099,0,2048,0,2503,0,512,502,503,514,0,0,0,0,
1498,0,2518,0,1845,0,2248,0,2381,0,1712,0,2048,0,2048,0,2091,0,2075,0,1649,0,2411,0,2693,0,1479,0,2430,0,1706,0,2133,0,2112,0,2048,0,2503,0,519,500,483,501,0,0,0,0,
1498,0,2518,0,1845,0,2248,0,2381,0,1712,0,2048,0,2048,0,2099,0,2078,0,1635,0,2402,0,2716,0,1502,0,2466,0,1693,0,2145,0,2123,0,2048,0,2503,0,518,499,485,480,0,0,0,0,
1498,0,2518,0,1845,0,2248,0,2381,0,1712,0,2048,0,2048,0,2104,0,2078,0,1620,0,2394,0,2750,0,1519,0,2481,0,1706,0,2154,0,2131,0,2048,0,2503,0,513,500,498,509,0,0,0,0,
1498,0,2518,0,1845,0,2248,0,2381,0,1712,0,2048,0,2048,0,2107,0,2076,0,1603,0,2384,0,2791,0,1534,0,2485,0,1731,0,2157,0,2132,0,2048,0,2503,0,511,500,501,511,0,0,0,0,
1498,0,2518,0,1845,0,2248,0,2381,0,1712,0,2048,0,2048,0,2111,0,2074,0,1585,0,2375,0,2828,0,1553,0,2499,0,1747,0,2163,0,2135,0,2048,0,2503,0,510,499,497,538,0,0,0,0,
1498,0,2518,0,1845,0,2248,0,2381,0,1712,0,2048,0,2048,0,2116,0,2073,0,1569,0,2366,0,2866,0,1571,0,2515,0,1760,0,2171,0,2142,0,2048,0,2503,0,512,499,483,523,0,0,0,0,
1498,0,2518,0,1845,0,2248,0,2381,0,1712,0,2048,0,2048,0,2120,0,2071,0,1553,0,2357,0,2899,0,1591,0,2540,0,1764,0,2177,0,2144,0,2048,0,2503,0,510,499,484,527,0,0,0,0,
1498,0,2518,0,1845,0,2248,0,2381,0,1712,0,2048,0,2048,0,2123,0,2069,0,1539,0,2348,0,2930,0,1607,0,2550,0,1778,0,2181,0,2147,0,2048,0,2503,0,512,497,479,512,0,0,0,0,
1498,0,2518,0,1845,0,2248,0,2381,0,1712,0,2048,0,2048,0,2130,0,2073,0,1527,0,2341,0,2955,0,1623,0,2570,0,1780,0,2192,0,2155,0,2048,0,2503,0,514,499,476,518,0,0,0,0,
1498,0,2518,0,1845,0,2248,0,2381,0,1712,0,2048,0,2048,0,2129,0,2067,0,1518,0,2335,0,2975,0,1636,0,2587,0,1780,0,2189,0,2150,0,2048,0,2503,0,513,500,489,514,0,0,0,0,
1498,0,2518,0,1845,0,2248,0,2381,0,1712,0,2048,0,2048,0,2130,0,2065,0,1511,0,2331,0,2990,0,1644,0,2592,0,1788,0,2188,0,2148,0,2048,0,2503,0,512,502,481,521,0,0,0,0,
1498,0,2518,0,1845,0,2248,0,2381,0,1712,0,2048,0,2048,0,2127,0,2060,0,1507,0,2328,0,2998,0,1649,0,2594,0,1794,0,2182,0,2141,0,2048,0,2503,0,513,506,496,512,0,0,0,0,
1498,0,2518,0,1845,0,2248,0,2381,0,1712,0,2048,0,2048,0,2121,0,2054,0,1507,0,2328,0,3000,0,1651,0,2598,0,1791,0,2170,0,2128,0,2048,0,2503,0,514,507,498,496,0,0,0,0,
1498,0,2518,0,1845,0,2248,0,2381,0,1712,0,2048,0,2048,0,2118,0,2053,0,1509,0,2329,0,2994,0,1648,0,2598,0,1787,0,2165,0,2124,0,2048,0,2503,0,517,509,484,501,0,0,0,0,
1498,0,2518,0,1845,0,2248,0,2381,0,1712,0,2048,0,2048,0,2114,0,2051,0,1514,0,2333,0,2980,0,1644,0,2601,0,1774,0,2157,0,2117,0,2048,0,2503,0,518,511,491,499,0,0,0,0,
1498,0,2518,0,1845,0,2248,0,2381,0,1712,0,2048,0,2048,0,2108,0,2048,0,1522,0,2338,0,2961,0,1635,0,2594,0,1766,0,2147,0,2109,0,2048,0,2503,0,517,514,496,501,0,0,0,0,
1498,0,2518,0,1845,0,2248,0,2381,0,1712,0,2048,0,2048,0,2101,0,2045,0,1533,0,2345,0,2939,0,1620,0,2578,0,1761,0,2134,0,2099,0,2048,0,2503,0,514,518,502,499,0,0,0,0,
1498,0,2518,0,1845,0,2248,0,2381,0,1712,0,2048,0,2048,0,2091,0,2039,0,1546,0,2352,0,2913,0,1601,0,2554,0,1762,0,2116,0,2082,0,2048,0,2503,0,514,520,505,507,0,0,0,0,
1498,0,2518,0,1845,0,2248,0,2381,0,1712,0,2048,0,2048,0,2084,0,2038,0,1560,0,2361,0,2881,0,1583,0,2537,0,1753,0,2105,0,2074,0,2048,0,2503,0,513,520,501,510,0,0,0,0,
1498,0,2518,0,1845,0,2248,0,2381,0,1712,0,2048,0,2048,0,2080,0,2040,0,1577,0,2370,0,2847,0,1563,0,2515,0,1746,0,2100,0,2071,0,2048,0,2503,0,512,519,499,516,0,0,0,0,
1498,0,2518,0,1845,0,2248,0,2381,0,1712,0,2048,0,2048,0,2078,0,2044,0,1594,0,2380,0,2810,0,1543,0,2492,0,1739,0,2097,0,2071,0,2048,0,2503,0,512,519,498,508,0,0,0,0,
1498,0,2518,0,1845,0,2248,0,2381,0,1712,0,2048,0,2048,0,2074,0,2046,0,1611,0,2389,0,2773,0,1524,0,2472,0,1729,0,2091,0,2067,0,2048,0,2503,0,511,519,495,517,0,0,0,0,
1498,0,2518,0,1845,0,2248,0,2381,0,1712,0,2048,0,2048,0,2070,0,2047,0,1628,0,2398,0,2738,0,1505,0,2451,0,1722,0,2085,0,2063,0,2048,0,2503,0,510,519,493,529,0,0,0,0,
1498,0,2518,0,1845,0,2248,0,2381,0,1712,0,2048,0,2048,0,2066,0,2047,0,1643,0,2407,0,2708,0,1486,0,2431,0,1716,0,2080,0,2058,0,2048,0,2503,0,509,518,490,531,0,0,0,0,
1498,0,2518,0,1845,0,2248,0,2381,0,1712,0,2048,0,2048,0,2063,0,2048,0,1654,0,2414,0,2684,0,1469,0,2415,0,1710,0,2077,0,2056,0,2048,0,2503,0,504,517,485,523,0,0,0,0,
1498,0,2518,0,1845,0,2248,0,2381,0,1712,0,2048,0,2048,0,2062,0,2050,0,1663,0,2421,0,2671,0,1449,0,2391,0,1718,0,2075,0,2055,0,2048,0,2503,0,506,514,488,537,0,0,0,0,
1498,0,2518,0,1845,0,2248,0,2381,0,1712,0,2048,0,2048,0,2063,0,2053,0,1666,0,2427,0,2662,0,1439,0,2393,0,1705,0,2079,0,2059,0,2048,0,2503,0,505,512,484,525,0,0,0,0,
1498,0,2518,0,1845,0,2248,0,2381,0,1712,0,2048,0,2048,0,2063,0,2053,0,1665,0,2432,0,2666,0,1428,0,2392,0,1703,0,2079,0,2059,0,2048,0,2503,0,509,509,469,546,0,0,0,0,
1498,0,2518,0,1845,0,2248,0,2381,0,1712,0,2048,0,2048,0,2065,0,2055,0,1661,0,2436,0,2670,0,1424,0,2408,0,1687,0,2083,0,2063,0,2048,0,2503,0,507,505,439,454,0,0,0,0,
1498,0,2518,0,1845,0,2248,0,2381,0,1712,0,2048,0,2048,0,2068,0,2059,0,1658,0,2438,0,2678,0,1417,0,2405,0,1690,0,2090,0,2071,0,2048,0,2503,0,514,504,477,458,0,0,0,0,
1498,0,2518,0,1845,0,2248,0,2381,0,1712,0,2048,0,2048,0,2067,0,2058,0,1657,0,2440,0,2676,0,1420,0,2428,0,1668,0,2087,0,2068,0,2048,0,2503,0,527,509,423,418,0,0,0,0,
1498,0,2518,0,1845,0,2248,0,2381,0,1712,0,2048,0,2048,0,2057,0,2049,0,1656,0,2440,0,2664,0,1432,0,2467,0,1629,0,2067,0,2049,0,2048,0,2503,0,520,513,510,482,0,0,0,0,
1498,0,2518,0,1845,0,2248,0,2381,0,1712,0,2048,0,2048,0,2048,0,2039,0,1657,0,2439,0,2670,0,1427,0,2445,0,1651,0,2048,0,2029,0,2048,0,2503,0,515,518,485,453,0,0,0,0,
1498,0,2518,0,1845,0,2248,0,2381,0,1712,0,2048,0,2048,0,2037,0,2027,0,1659,0,2437,0,2671,0,1427,0,2428,0,1668,0,2026,0,2006,0,2048,0,2503,0,514,520,517,442,0,0,0,0,
1498,0,2518,0,1845,0,2248,0,2381,0,1712,0,2048,0,2048,0,2031,0,2021,0,1662,0,2433,0,2665,0,1433,0,2422,0,1675,0,2014,0,1994,0,2048,0,2503,0,512,524,508,495,0,0,0,0,
1498,0,2518,0,1845,0,2248,0,2381,0,1712,0,2048,0,2048,0,2021,0,2011,0,1666,0,2430,0,2657,0,1439,0,2411,0,1685,0,1994,0,1974,0,2048,0,2503,0,511,527,507,512,0,0,0,0,
1498,0,2518,0,1845,0,2248,0,2381,0,1712,0,2048,0,2048,0,2014,0,2003,0,1671,0,2431,0,2646,0,1437,0,2402,0,1686,0,1978,0,1958,0,2048,0,2503,0,512,524,478,483,0,0,0,0,
1498,0,2518,0,1845,0,2248,0,2381,0,1712,0,2048,0,2048,0,2018,0,2005,0,1678,0,2437,0,2632,0,1424,0,2398,0,1677,0,1983,0,1962,0,2048,0,2503,0,512,519,490,549,0,0,0,0,
1498,0,2518,0,1845,0,2248,0,2381,0,1712,0,2048,0,2048,0,2026,0,2010,0,1685,0,2447,0,2617,0,1403,0,2390,0,1666,0,1994,0,1973,0,2048,0,2503,0,512,520,488,520,0,0,0,0,
1498,0,2518,0,1845,0,2248,0,2381,0,1712,0,2048,0,2048,0,2025,0,2004,0,1694,0,2461,0,2600,0,1374,0,2382,0,1651,0,1987,0,1965,0,2048,0,2503,0,511,522,488,531,0,0,0,0,
1498,0,2518,0,1845,0,2248,0,2381,0,1712,0,2048,0,2048,0,2023,0,1997,0,1702,0,2476,0,2582,0,1341,0,2369,0,1636,0,1975,0,1952,0,2048,0,2503,0,509,522,492,519,0,0,0,0,
1498,0,2518,0,1845,0,2248,0,2381,0,1712,0,2048,0,2048,0,2024,0,1993,0,1712,0,2493,0,2564,0,1303,0,2353,0,1623,0,1971,0,1946,0,2048,0,2503,0,506,523,494,522,0,0,0,0,
1498,0,2518,0,1845,0,2248,0,2381,0,1712,0,2048,0,2048,0,2024,0,1987,0,1721,0,2511,0,2548,0,1263,0,2334,0,1612,0,1965,0,1937,0,2048,0,2503,0,509,523,487,499,0,0,0,0,
1498,0,2518,0,1845,0,2248,0,2381,0,1712,0,2048,0,2048,0,2026,0,1983,0,1730,0,2527,0,2526,0,1229,0,2333,0,1584,0,1961,0,1932,0,2048,0,2503,0,509,524,468,484,0,0,0,0,
1498,0,2518,0,1845,0,2248,0,2381,0,1712,0,2048,0,2048,0,2026,0,1977,0,1739,0,2543,0,2507,0,1195,0,2323,0,1565,0,1955,0,1922,0,2048,0,2503,0,507,525,494,489,0,0,0,0,
1498,0,2518,0,1845,0,2248,0,2381,0,1712,0,2048,0,2048,0,2027,0,1973,0,1748,0,2557,0,2492,0,1163,0,2309,0,1555,0,1949,0,1915,0,2048,0,2503,0,512,524,483,494,0,0,0,0,
1498,0,2518,0,1845,0,2248,0,2381,0,1712,0,2048,0,2048,0,2028,0,1971,0,1755,0,2569,0,2473,0,1141,0,2316,0,1526,0,1951,0,1914,0,2048,0,2503,0,514,522,474,501,0,0,0,0,
1498,0,2518,0,1845,0,2248,0,2381,0,1712,0,2048,0,2048,0,2034,0,1972,0,1761,0,2578,0,2460,0,1121,0,2316,0,1509,0,1956,0,1917,0,2048,0,2503,0,513,519,478,499,0,0,0,0,
1498,0,2518,0,1845,0,2248,0,2381,0,1712,0,2048,0,2048,0,2040,0,1975,0,1765,0,2585,0,2452,0,1106,0,2308,0,1504,0,1965,0,1925,0,2048,0,2503,0,513,517,488,493,0,0,0,0,
1498,0,2518,0,1845,0,2248,0,2381,0,1712,0,2048,0,2048,0,2044,0,1977,0,1768,0,2589,0,2447,0,1098,0,2305,0,1499,0,1972,0,1931,0,2048,0,2503,0,514,517,501,506,0,0,0,0,
1498,0,2518,0,1845,0,2248,0,2381,0,1712,0,2048,0,2048,0,2044,0,1977,0,1768,0,2589,0,2444,0,1097,0,2308,0,1495,0,1972,0,1930,0,2048,0,2503,0,517,515,498,519,0,0,0,0,
1498,0,2518,0,1845,0,2248,0,2381,0,1712,0,2048,0,2048,0,2046,0,1981,0,1767,0,2587,0,2445,0,1105,0,2318,0,1489,0,1978,0,1937,0,2048,0,2503,0,518,513,500,514,0,0,0,0,
1498,0,2518,0,1845,0,2248,0,2381,0,1712,0,2048,0,2048,0,2049,0,1986,0,1763,0,2582,0,2451,0,1117,0,2325,0,1492,0,1986,0,1946,0,2048,0,2503,0,518,511,504,515,0,0,0,0,
1498,0,2518,0,1845,0,2248,0,2381,0,1712,0,2048,0,2048,0,2050,0,1990,0,1758,0,2574,0,2461,0,1135,0,2330,0,1502,0,1993,0,1955,0,2048,0,2503,0,513,509,505,520,0,0,0,0,
1498,0,2518,0,1845,0,2248,0,2381,0,1712,0,2048,0,2048,0,2053,0,1997,0,1751,0,2563,0,2480,0,1153,0,2323,0,1530,0,2001,0,1966,0,2048,0,2503,0,512,507,512,526,0,0,0,0,
1498,0,2518,0,1845,0,2248,0,2381,0,1712,0,2048,0,2048,0,2055,0,2003,0,1744,0,2550,0,2496,0,1182,0,2328,0,1548,0,2010,0,1976,0,2048,0,2503,0,513,506,502,521,0,0,0,0,
1498,0,2518,0,1845,0,2248,0,2381,0,1712,0,2048,0,2048,0,2055,0,2009,0,1735,0,2536,0,2514,0,1214,0,2340,0,1562,0,2016,0,1985,0,2048,0,2503,0,511,506,496,497,0,0,0,0,
1498,0,2518,0,1845,0,2248,0,2381,0,1712,0,2048,0,2048,0,2053,0,2013,0,1726,0,2519,0,2533,0,1249,0,2344,0,1587,0,2019,0,1990,0,2048,0,2503,0,509,506,500,503,0,0,0,0,
1498,0,2518,0,1845,0,2248,0,2381,0,1712,0,2048,0,2048,0,2051,0,2017,0,1716,0,2502,0,2555,0,1284,0,2348,0,1613,0,2022,0,1996,0,2048,0,2503,0,509,506,492,500,0,0,0,0,
1498,0,2518,0,1845,0,2248,0,2381,0,1712,0,2048,0,2048,0,2049,0,2021,0,1707,0,2485,0,2574,0,1321,0,2358,0,1633,0,2026,0,2002,0,2048,0,2503,0,506,506,498,505,0,0,0,0,
1498,0,2518,0,1845,0,2248,0,2381,0,1712,0,2048,0,2048,0,2048,0,2025,0,1698,0,2468,0,2596,0,1353,0,2359,0,1660,0,2030,0,2008,0,2048,0,2503,0,506,506,496,495,0,0,0,0,
1498,0,2518,0,1845,0,2248,0,2381,0,1712,0,2048,0,2048,0,2048,0,2029,0,1689,0,2453,0,2614,0,1384,0,2368,0,1677,0,2035,0,2013,0,2048,0,2503,0,506,506,490,504,0,0,0,0,
1498,0,2518,0,1845,0,2248,0,2381,0,1712,0,2048,0,2048,0,2048,0,2033,0,1682,0,2442,0,2630,0,1409,0,2377,0,1690,0,2040,0,2019,0,2048,0,2503,0,504,507,489,484,0,0,0,0,
1498,0,2518,0,1845,0,2248,0,2381,0,1712,0,2048,0,2048,0,2046,0,2034,0,1675,0,2433,0,2647,0,1425,0,2378,0,1705,0,2041,0,2021,0,2048,0,2503,0,502,510,491,499,0,0,0,0,
1498,0,2518,0,1845,0,2248,0,2381,0,1712,0,2048,0,2048,0,2043,0,2033,0,1669,0,2430,0,2661,0,1430,0,2379,0,1715,0,2037,0,2017,0,2048,0,2503,0,505,512,490,490,0,0,0,0,
1498,0,2518,0,1845,0,2248,0,2381,0,1712,0,2048,0,2048,0,2043,0,2033,0,1664,0,2431,0,2668,0,1430,0,2393,0,1704,0,2037,0,2017,0,2048,0,2503,0,505,513,476,486,0,0,0,0,
1498,0,2518,0,1845,0,2248,0,2381,0,1712,0,2048,0,2048,0,2045,0,2035,0,1660,0,2435,0,2676,0,1422,0,2397,0,1700,0,2040,0,2020,0,2048,0,2503,0,504,518,469,488,0,0,0,0,
1498,0,2518,0,1845,0,2248,0,2381,0,1712,0,2048,0,2048,0,2038,0,2029,0,1658,0,2438,0,2682,0,1415,0,2397,0,1700,0,2028,0,2009,0,2048,0,2503,0,504,522,473,500,0,0,0,0,
1498,0,2518,0,1845,0,2248,0,2381,0,1712,0,2048,0,2048,0,2036,0,2028,0,1656,0,2440,0,2685,0,1411,0,2398,0,1698,0,2024,0,2006,0,2048,0,2503,0,501,523,449,522,0,0,0,0,
1498,0,2518,0,1845,0,2248,0,2381,0,1712,0,2048,0,2048,0,2038,0,2029,0,1657,0,2439,0,2686,0,1409,0,2388,0,1708,0,2028,0,2009,0,2048,0,2503,0,509,517,462,561,0,0,0,0,
1498,0,2518,0,1845,0,2248,0,2381,0,1712,0,2048,0,2048,0,2051,0,2041,0,1659,0,2437,0,2673,0,1421,0,2410,0,1686,0,2054,0,2034,0,2048,0,2503,0,523,511,441,542,0,0,0,0,
1498,0,2518,0,1845,0,2248,0,2381,0,1712,0,2048,0,2048,0,2063,0,2053,0,1663,0,2434,0,2654,0,1440,0,2448,0,1647,0,2079,0,2059,0,2048,0,2503,0,523,507,470,533,0,0,0,0,
1498,0,2518,0,1845,0,2248,0,2381,0,1712,0,2048,0,2048,0,2073,0,2063,0,1666,0,2430,0,2647,0,1449,0,2444,0,1652,0,2098,0,2078,0,2048,0,2503,0,515,502,502,527,0,0,0,0,
1498,0,2518,0,1845,0,2248,0,2381,0,1712,0,2048,0,2048,0,2084,0,2073,0,1665,0,2425,0,2657,0,1452,0,2422,0,1682,0,2121,0,2101,0,2048,0,2503,0,517,504,485,521,0,0,0,0,
1498,0,2518,0,1845,0,2248,0,2381,0,1712,0,2048,0,2048,0,2084,0,2071,0,1659,0,2418,0,2668,0,1468,0,2434,0,1683,0,2120,0,2099,0,2048,0,2503,0,514,502,493,540,0,0,0,0,
1498,0,2518,0,1845,0,2248,0,2381,0,1712,0,2048,0,2048,0,2091,0,2075,0,1649,0,2411,0,2692,0,1480,0,2436,0,1700,0,2133,0,2112,0,2048,0,2503,0,515,499,494,523,0,0,0,0,
1498,0,2518,0,1845,0,2248,0,2381,0,1712,0,2048,0,2048,0,2100,0,2079,0,1635,0,2402,0,2720,0,1498,0,2454,0,1705,0,2148,0,2126,0,2048,0,2503,0,520,497,484,480,0,0,0,0,
1498,0,2518,0,1845,0,2248,0,2381,0,1712,0,2048,0,2048,0,2108,0,2082,0,1620,0,2394,0,2748,0,1521,0,2487,0,1700,0,2161,0,2138,0,2048,0,2503,0,515,497,494,489,0,0,0,0,
1498,0,2518,0,1845,0,2248,0,2381,0,1712,0,2048,0,2048,0,2112,0,2081,0,1603,0,2384,0,2789,0,1536,0,2491,0,1725,0,2167,0,2142,0,2048,0,2503,0,512,499,504,507,0,0,0,0,
1498,0,2518,0,1845,0,2248,0,2381,0,1712,0,2048,0,2048,0,2112,0,2075,0,1585,0,2375,0,2828,0,1553,0,2502,0,1744,0,2166,0,2138,0,2048,0,2503,0,511,499,496,528,0,0,0,0,
1498,0,2518,0,1845,0,2248,0,2381,0,1712,0,2048,0,2048,0,2116,0,2073,0,1569,0,2366,0,2865,0,1572,0,2518,0,1757,0,2171,0,2142,0,2048,0,2503,0,512,499,496,529,0,0,0,0,
1498,0,2518,0,1845,0,2248,0,2381,0,1712,0,2048,0,2048,0,2120,0,2071,0,1553,0,2357,0,2899,0,1591,0,2540,0,1764,0,2177,0,2144,0,2048,0,2503,0,512,499,477,531,0,0,0,0,
1498,0,2518,0,1845,0,2248,0,2381,0,1712,0,2048,0,2048,0,2123,0,2069,0,1539,0,2348,0,2929,0,1608,0,2556,0,1772,0,2181,0,2147,0,2048,0,2503,0,511,499,481,510,0,0,0,0,
1498,0,2518,0,1845,0,2248,0,2381,0,1712,0,2048,0,2048,0,2126,0,2069,0,1527,0,2341,0,2955,0,1623,0,2567,0,1783,0,2185,0,2148,0,2048,0,2503,0,514,500,477,534,0,0,0,0,
1498,0,2518,0,1845,0,2248,0,2381,0,1712,0,2048,0,2048,0,2128,0,2066,0,1518,0,2335,0,2975,0,1636,0,2587,0,1780,0,2186,0,2147,0,2048,0,2503,0,514,502,488,508,0,0,0,0,
1498,0,2518,0,1845,0,2248,0,2381,0,1712,0,2048,0,2048,0,2126,0,2061,0,1511,0,2331,0,2989,0,1645,0,2595,0,1785,0,2181,0,2141,0,2048,0,2503,0,513,505,492,535,0,0,0,0,
1498,0,2518,0,1845,0,2248,0,2381,0,1712,0,2048,0,2048,0,2122,0,2055,0,1507,0,2328,0,2998,0,1649,0,2597,0,1791,0,2172,0,2131,0,2048,0,2503,0,513,507,481,513,0,0,0,0,
1498,0,2518,0,1845,0,2248,0,2381,0,1712,0,2048,0,2048,0,2119,0,2052,0,1507,0,2328,0,3000,0,1651,0,2598,0,1791,0,2166,0,2124,0,2048,0,2503,0,515,510,490,498,0,0,0,0,
1498,0,2518,0,1845,0,2248,0,2381,0,1712,0,2048,0,2048,0,2113,0,2048,0,1509,0,2329,0,2993,0,1649,0,2601,0,1784,0,2155,0,2114,0,2048,0,2503,0,517,511,496,512,0,0,0,0,
1498,0,2518,0,1845,0,2248,0,2381,0,1712,0,2048,0,2048,0,2110,0,2047,0,1514,0,2333,0,2980,0,1644,0,2601,0,1774,0,2150,0,2110,0,2048,0,2503,0,519,512,486,504,0,0,0,0,
1498,0,2518,0,1845,0,2248,0,2381,0,1712,0,2048,0,2048,0,2107,0,2047,0,1522,0,2338,0,2960,0,1636,0,2597,0,1763,0,2144,0,2106,0,2048,0,2503,0,518,514,494,507,0,0,0,0,
1498,0,2518,0,1845,0,2248,0,2381,0,1712,0,2048,0,2048,0,2101,0,2045,0,1533,0,2345,0,2938,0,1621,0,2581,0,1758,0,2134,0,2099,0,2048,0,2503,0,515,518,500,502,0,0,0,0,
1498,0,2518,0,1845,0,2248,0,2381,0,1712,0,2048,0,2048,0,2091,0,2039,0,1546,0,2352,0,2912,0,1602,0,2557,0,1759,0,2116,0,2082,0,2048,0,2503,0,514,520,508,505,0,0,0,0,
1498,0,2518,0,1845,0,2248,0,2381,0,1712,0,2048,0,2048,0,2084,0,2038,0,1560,0,2361,0,2881,0,1583,0,2537,0,1753,0,2105,0,2074,0,2048,0,2503,0,514,519,499,512,0,0,0,0,
1498,0,2518,0,1845,0,2248,0,2381,0,1712,0,2048,0,2048,0,2082,0,2042,0,1577,0,2370,0,2846,0,1564,0,2518,0,1743,0,2103,0,2074,0,2048,0,2503,0,513,519,498,518,0,0,0,0,
1498,0,2518,0,1845,0,2248,0,2381,0,1712,0,2048,0,2048,0,2078,0,2044,0,1594,0,2380,0,2810,0,1543,0,2495,0,1736,0,2097,0,2071,0,2048,0,2503,0,512,519,498,514,0,0,0,0,
1498,0,2518,0,1845,0,2248,0,2381,0,1712,0,2048,0,2048,0,2074,0,2046,0,1611,0,2389,0,2773,0,1524,0,2472,0,1729,0,2091,0,2067,0,2048,0,2503,0,512,519,481,523,0,0,0,0,
1498,0,2518,0,1845,0,2248,0,2381,0,1712,0,2048,0,2048,0,2070,0,2047,0,1628,0,2398,0,2738,0,1505,0,2454,0,1719,0,2085,0,2063,0,2048,0,2503,0,511,518,494,527,0,0,0,0,
1498,0,2518,0,1845,0,2248,0,2381,0,1712,0,2048,0,2048,0,2067,0,2048,0,1643,0,2407,0,2707,0,1487,0,2434,0,1713,0,2083,0,2061,0,2048,0,2503,0,510,518,490,532,0,0,0,0,
1498,0,2518,0,1845,0,2248,0,2381,0,1712,0,2048,0,2048,0,2063,0,2048,0,1654,0,2414,0,2683,0,1470,0,2418,0,1707,0,2077,0,2056,0,2048,0,2503,0,509,517,495,529,0,0,0,0,
1498,0,2518,0,1845,0,2248,0,2381,0,1712,0,2048,0,2048,0,2062,0,2050,0,1663,0,2421,0,2666,0,1454,0,2406,0,1703,0,2075,0,2055,0,2048,0,2503,0,506,514,489,541,0,0,0,0,
1498,0,2518,0,1845,0,2248,0,2381,0,1712,0,2048,0,2048,0,2063,0,2053,0,1666,0,2427,0,2662,0,1439,0,2393,0,1705,0,2079,0,2059,0,2048,0,2503,0,506,512,489,523,0,0,0,0,
1498,0,2518,0,1845,0,2248,0,2381,0,1712,0,2048,0,2048,0,2063,0,2053,0,1665,0,2432,0,2665,0,1429,0,2395,0,1700,0,2079,0,2059,0,2048,0,2503,0,510,510,503,534,0,0,0,0,
1498,0,2518,0,1845,0,2248,0,2381,0,1712,0,2048,0,2048,0,2063,0,2053,0,1661,0,2436,0,2669,0,1425,0,2411,0,1684,0,2079,0,2059,0,2048,0,2503,0,509,506,429,542,0,0,0,0,
1498,0,2518,0,1845,0,2248,0,2381,0,1712,0,2048,0,2048,0,2067,0,2058,0,1658,0,2438,0,2676,0,1419,0,2411,0,1684,0,2087,0,2068,0,2048,0,2503,0,518,506,536,431,0,0,0,0,
1498,0,2518,0,1845,0,2248,0,2381,0,1712,0,2048,0,2048,0,2064,0,2055,0,1657,0,2440,0,2672,0,1424,0,2440,0,1656,0,2081,0,2062,0,2048,0,2503,0,525,510,437,459,0,0,0,0,
1498,0,2518,0,1845,0,2248,0,2381,0,1712,0,2048,0,2048,0,2055,0,2047,0,1656,0,2440,0,2666,0,1430,0,2461,0,1635,0,2063,0,2045,0,2048,0,2503,0,520,513,531,478,0,0,0,0,
1498,0,2518,0,1845,0,2248,0,2381,0,1712,0,2048,0,2048,0,2048,0,2039,0,1657,0,2439,0,2670,0,1427,0,2445,0,1651,0,2048,0,2029,0,2048,0,2503,0,518,518,492,455,0,0,0,0,
1498,0,2518,0,1845,0,2248,0,2381,0,1712,0,2048,0,2048,0,2037,0,2027,0,1659,0,2437,0,2668,0,1430,0,2437,0,1659,0,2026,0,2006,0,2048,0,2503,0,514,522,492,484,0,0,0,0,
1498,0,2518,0,1845,0,2248,0,2381,0,1712,0,2048,0,2048,0,2028,0,2018,0,1662,0,2433,0,2665,0,1433,0,2422,0,1675,0,2007,0,1987,0,2048,0,2503,0,512,527,502,507,0,0,0,0,
1498,0,2518,0,1845,0,2248,0,2381,0,1712,0,2048,0,2048,0,2016,0,2006,0,1666,0,2430,0,2657,0,1439,0,2411,0,1685,0,1984,0,1964,0,2048,0,2503,0,512,527,499,487,0,0,0,0,
1498,0,2518,0,1845,0,2248,0,2381,0,1712,0,2048,0,2048,0,2014,0,2003,0,1671,0,2431,0,2646,0,1437,0,2405,0,1683,0,1978,0,1958,0,2048,0,2503,0,512,522,495,528,0,0,0,0,
1498,0,2518,0,1845,0,2248,0,2381,0,1712,0,2048,0,2048,0,2022,0,2009,0,1678,0,2437,0,2632,0,1424,0,2398,0,1677,0,1990,0,1969,0,2048,0,2503,0,511,520,482,523,0,0,0,0,
1498,0,2518,0,1845,0,2248,0,2381,0,1712,0,2048,0,2048,0,2024,0,2008,0,1685,0,2447,0,2617,0,1403,0,2387,0,1669,0,1991,0,1970,0,2048,0,2503,0,510,519,503,555,0,0,0,0,
1498,0,2518,0,1845,0,2248,0,2381,0,1712,0,2048,0,2048,0,2027,0,2006,0,1694,0,2461,0,2601,0,1373,0,2376,0,1657,0,1990,0,1968,0,2048,0,2503,0,510,520,492,524,0,0,0,0,
1498,0,2518,0,1845,0,2248,0,2381,0,1712,0,2048,0,2048,0,2026,0,2000,0,1702,0,2476,0,2583,0,1340,0,2366,0,1639,0,1982,0,1959,0,2048,0,2503,0,506,520,484,526,0,0,0,0,
1498,0,2518,0,1845,0,2248,0,2381,0,1712,0,2048,0,2048,0,2027,0,1996,0,1712,0,2493,0,2567,0,1300,0,2344,0,1632,0,1978,0,1953,0,2048,0,2503,0,506,520,485,500,0,0,0,0,
1498,0,2518,0,1845,0,2248,0,2381,0,1712,0,2048,0,2048,0,2029,0,1992,0,1721,0,2511,0,2548,0,1263,0,2334,0,1612,0,1975,0,1947,0,2048,0,2503,0,510,522,488,508,0,0,0,0,
1498,0,2518,0,1845,0,2248,0,2381,0,1712,0,2048,0,2048,0,2028,0,1985,0,1730,0,2527,0,2525,0,1230,0,2336,0,1581,0,1964,0,1935,0,2048,0,2503,0,510,523,484,482,0,0,0,0,
1498,0,2518,0,1845,0,2248,0,2381,0,1712,0,2048,0,2048,0,2028,0,1979,0,1739,0,2543,0,2506,0,1196,0,2326,0,1562,0,1959,0,1926,0,2048,0,2503,0,507,523,472,477,0,0,0,0,
1498,0,2518,0,1845,0,2248,0,2381,0,1712,0,2048,0,2048,0,2030,0,1976,0,1748,0,2557,0,2492,0,1163,0,2309,0,1555,0,1956,0,1922,0,2048,0,2503,0,513,522,468,485,0,0,0,0,
1498,0,2518,0,1845,0,2248,0,2381,0,1712,0,2048,0,2048,0,2032,0,1975,0,1755,0,2569,0,2473,0,1141,0,2319,0,1523,0,1958,0,1921,0,2048,0,2503,0,514,522,491,489,0,0,0,0,
1498,0,2518,0,1845,0,2248,0,2381,0,1712,0,2048,0,2048,0,2034,0,1972,0,1761,0,2578,0,2460,0,1121,0,2316,0,1509,0,1956,0,1917,0,2048,0,2503,0,514,518,493,512,0,0,0,0,
1498,0,2518,0,1845,0,2248,0,2381,0,1712,0,2048,0,2048,0,2041,0,1976,0,1765,0,2585,0,2451,0,1107,0,2311,0,1501,0,1968,0,1928,0,2048,0,2503,0,514,515,493,504,0,0,0,0,
1498,0,2518,0,1845,0,2248,0,2381,0,1712,0,2048,0,2048,0,2047,0,1980,0,1768,0,2589,0,2446,0,1099,0,2308,0,1496,0,1978,0,1937,0,2048,0,2503,0,514,515,490,517,0,0,0,0,
1498,0,2518,0,1845,0,2248,0,2381,0,1712,0,2048,0,2048,0,2047,0,1980,0,1768,0,2589,0,2444,0,1097,0,2308,0,1495,0,1978,0,1936,0,2048,0,2503,0,518,517,497,511,0,0,0,0,
1498,0,2518,0,1845,0,2248,0,2381,0,1712,0,2048,0,2048,0,2043,0,1978,0,1767,0,2587,0,2444,0,1106,0,2321,0,1486,0,1972,0,1931,0,2048,0,2503,0,519,513,500,516,0,0,0,0,
1498,0,2518,0,1845,0,2248,0,2381,0,1712,0,2048,0,2048,0,2049,0,1986,0,1763,0,2582,0,2450,0,1118,0,2328,0,1489,0,1986,0,1946,0,2048,0,2503,0,519,511,491,514,0,0,0,0,
1498,0,2518,0,1845,0,2248,0,2381,0,1712,0,2048,0,2048,0,2050,0,1990,0,1758,0,2574,0,2460,0,1136,0,2333,0,1499,0,1993,0,1955,0,2048,0,2503,0,514,507,512,515,0,0,0,0,
1498,0,2518,0,1845,0,2248,0,2381,0,1712,0,2048,0,2048,0,2056,0,2000,0,1751,0,2563,0,2479,0,1154,0,2326,0,1527,0,2007,0,1972,0,2048,0,2503,0,512,505,503,521,0,0,0,0,
1498,0,2518,0,1845,0,2248,0,2381,0,1712,0,2048,0,2048,0,2058,0,2006,0,1744,0,2550,0,2496,0,1182,0,2328,0,1548,0,2017,0,1983,0,2048,0,2503,0,512,505,508,512,0,0,0,0,
1498,0,2518,0,1845,0,2248,0,2381,0,1712,0,2048,0,2048,0,2056,0,2010,0,1735,0,2536,0,2514,0,1214,0,2337,0,1565,0,2019,0,1988,0,2048,0,2503,0,513,504,499,508,0,0,0,0,
1498,0,2518,0,1845,0,2248,0,2381,0,1712,0,2048,0,2048,0,2056,0,2016,0,1726,0,2519,0,2533,0,1249,0,2350,0,1581,0,2025,0,1996,0,2048,0,2503,0,510,504,503,499,0,0,0,0,
1498,0,2518,0,1845,0,2248,0,2381,0,1712,0,2048,0,2048,0,2054,0,2020,0,1716,0,2502,0,2554,0,1285,0,2351,0,1610,0,2028,0,2002,0,2048,0,2503,0,511,504,488,499,0,0,0,0,
1498,0,2518,0,1845,0,2248,0,2381,0,1712,0,2048,0,2048,0,2052,0,2024,0,1707,0,2485,0,2572,0,1323,0,2364,0,1627,0,2032,0,2008,0,2048,0,2503,0,510,504,494,495,0,0,0,0,
1498,0,2518,0,1845,0,2248,0,2381,0,1712,0,2048,0,2048,0,2051,0,2028,0,1698,0,2468,0,2592,0,1357,0,2371,0,1648,0,2036,0,2014,0,2048,0,2503,0,509,504,494,503,0,0,0,0,
1498,0,2518,0,1845,0,2248,0,2381,0,1712,0,2048,0,2048,0,2051,0,2032,0,1689,0,2453,0,2611,0,1387,0,2377,0,1668,0,2041,0,2019,0,2048,0,2503,0,509,505,489,490,0,0,0,0,
1498,0,2518,0,1845,0,2248,0,2381,0,1712,0,2048,0,2048,0,2049,0,2034,0,1682,0,2442,0,2627,0,1412,0,2386,0,1681,0,2043,0,2022,0,2048,0,2503,0,506,505,472,498,0,0,0,0,
1498,0,2518,0,1845,0,2248,0,2381,0,1712,0,2048,0,2048,0,2049,0,2037,0,1675,0,2433,0,2645,0,1427,0,2384,0,1699,0,2048,0,2028,0,2048,0,2503,0,505,507,482,488,0,0,0,0,
1498,0,2518,0,1845,0,2248,0,2381,0,1712,0,2048,0,2048,0,2048,0,2038,0,1669,0,2430,0,2658,0,1433,0,2388,0,1706,0,2047,0,2027,0,2048,0,2503,0,507,511,480,492,0,0,0,0,
1498,0,2518,0,1845,0,2248,0,2381,0,1712,0,2048,0,2048,0,2044,0,2034,0,1664,0,2431,0,2666,0,1432,0,2399,0,1698,0,2040,0,2020,0,2048,0,2503,0,509,512,475,480,0,0,0,0,
1498,0,2518,0,1845,0,2248,0,2381,0,1712,0,2048,0,2048,0,2046,0,2036,0,1660,0,2435,0,2672,0,1426,0,2409,0,1688,0,2043,0,2023,0,2048,0,2503,0,506,515,474,496,0,0,0,0,
1498,0,2518,0,1845,0,2248,0,2381,0,1712,0,2048,0,2048,0,2043,0,2034,0,1658,0,2438,0,2680,0,1417,0,2403,0,1694,0,2038,0,2019,0,2048,0,2503,0,509,519,461,506,0,0,0,0,
1498,0,2518,0,1845,0,2248,0,2381,0,1712,0,2048,0,2048,0,2041,0,2033,0,1656,0,2440,0,2680,0,1416,0,2413,0,1683,0,2034,0,2016,0,2048,0,2503,0,510,520,446,550,0,0,0,0,
1498,0,2518,0,1845,0,2248,0,2381,0,1712,0,2048,0,2048,0,2043,0,2034,0,1657,0,2439,0,2677,0,1418,0,2415,0,1681,0,2038,0,2019,0,2048,0,2503,0,517,520,456,522,0,0,0,0,
1498,0,2518,0,1845,0,2248,0,2381,0,1712,0,2048,0,2048,0,2046,0,2036,0,1659,0,2437,0,2667,0,1427,0,2434,0,1662,0,2044,0,2024,0,2048,0,2503,0,520,512,467,585,0,0,0,0,
1498,0,2518,0,1845,0,2248,0,2381,0,1712,0,2048,0,2048,0,2062,0,2052,0,1663,0,2434,0,2657,0,1437,0,2439,0,1656,0,2076,0,2056,0,2048,0,2503,0,519,505,487,544,0,0,0,0,
1498,0,2518,0,1845,0,2248,0,2381,0,1712,0,2048,0,2048,0,2076,0,2066,0,1666,0,2430,0,2651,0,1445,0,2432,0,1664,0,2105,0,2085,0,2048,0,2503,0,517,501,484,530,0,0,0,0,
1498,0,2518,0,1845,0,2248,0,2381,0,1712,0,2048,0,2048,0,2086,0,2075,0,1665,0,2425,0,2655,0,1454,0,2428,0,1676,0,2124,0,2104,0,2048,0,2503,0,515,502,483,512,0,0,0,0,
1498,0,2518,0,1845,0,2248,0,2381,0,1712,0,2048,0,2048,0,2087,0,2074,0,1659,0,2418,0,2670,0,1466,0,2428,0,1689,0,2127,0,2106,0,2048,0,2503,0,518,502,500,495,0,0,0,0,
1498,0,2518,0,1845,0,2248,0,2381,0,1712,0,2048,0,2048,0,2091,0,2075,0,1649,0,2411,0,2688,0,1484,0,2448,0,1688,0,2133,0,2112,0,2048,0,2503,0,518,504,506,491,0,0,0,0,
1498,0,2518,0,1845,0,2248,0,2381,0,1712,0,2048,0,2048,0,2092,0,2071,0,1635,0,2402,0,2717,0,1501,0,2463,0,1696,0,2131,0,2109,0,2048,0,2503,0,518,504,492,494,0,0,0,0,
1498,0,2518,0,1845,0,2248,0,2381,0,1712,0,2048,0,2048,0,2096,0,2070,0,1620,0,2394,0,2750,0,1519,0,2481,0,1706,0,2137,0,2114,0,2048,0,2503,0,517,502,511,505,0,0,0,0,
1498,0,2518,0,1845,0,2248,0,2381,0,1712,0,2048,0,2048,0,2103,0,2072,0,1603,0,2384,0,2787,0,1538,0,2497,0,1719,0,2150,0,2125,0,2048,0,2503,0,514,501,511,514,0,0,0,0,
1498,0,2518,0,1845,0,2248,0,2381,0,1712,0,2048,0,2048,0,2109,0,2072,0,1585,0,2375,0,2827,0,1554,0,2508,0,1738,0,2159,0,2131,0,2048,0,2503,0,513,501,492,522,0,0,0,0,
1498,0,2518,0,1845,0,2248,0,2381,0,1712,0,2048,0,2048,0,2113,0,2070,0,1569,0,2366,0,2865,0,1572,0,2524,0,1751,0,2164,0,2135,0,2048,0,2503,0,512,502,496,537,0,0,0,0,
1498,0,2518,0,1845,0,2248,0,2381,0,1712,0,2048,0,2048,0,2115,0,2066,0,1553,0,2357,0,2899,0,1591,0,2540,0,1764,0,2167,0,2134,0,2048,0,2503,0,513,501,494,532,0,0,0,0,
1498,0,2518,0,1845,0,2248,0,2381,0,1712,0,2048,0,2048,0,2120,0,2066,0,1539,0,2348,0,2929,0,1608,0,2559,0,1769,0,2174,0,2140,0,2048,0,2503,0,513,499,498,522,0,0,0,0,
1498,0,2518,0,1845,0,2248,0,2381,0,1712,0,2048,0,2048,0,2126,0,2069,0,1527,0,2341,0,2955,0,1623,0,2573,0,1777,0,2185,0,2148,0,2048,0,2503,0,517,497,489,529,0,0,0,0,
1498,0,2518,0,1845,0,2248,0,2381,0,1712,0,2048,0,2048,0,2133,0,2071,0,1518,0,2335,0,2972,0,1639,0,2596,0,1771,0,2196,0,2157,0,2048,0,2503,0,517,499,504,526,0,0,0,0,
1498,0,2518,0,1845,0,2248,0,2381,0,1712,0,2048,0,2048,0,2131,0,2066,0,1511,0,2331,0,2986,0,1648,0,2604,0,1776,0,2191,0,2151,0,2048,0,2503,0,515,500,502,517,0,0,0,0,
1498,0,2518,0,1845,0,2248,0,2381,0,1712,0,2048,0,2048,0,2131,0,2064,0,1507,0,2328,0,2996,0,1651,0,2603,0,1785,0,2189,0,2148,0,2048,0,2503,0,514,502,519,512,0,0,0,0,
1498,0,2518,0,1845,0,2248,0,2381,0,1712,0,2048,0,2048,0,2127,0,2060,0,1507,0,2328,0,2999,0,1652,0,2601,0,1788,0,2183,0,2141,0,2048,0,2503,0,515,505,492,502,0,0,0,0,
1498,0,2518,0,1845,0,2248,0,2381,0,1712,0,2048,0,2048,0,2121,0,2056,0,1509,0,2329,0,2993,0,1649,0,2601,0,1784,0,2172,0,2131,0,2048,0,2503,0,517,506,508,498,0,0,0,0,
1498,0,2518,0,1845,0,2248,0,2381,0,1712,0,2048,0,2048,0,2119,0,2056,0,1514,0,2333,0,2980,0,1644,0,2601,0,1774,0,2167,0,2127,0,2048,0,2503,0,518,509,514,494,0,0,0,0,
1498,0,2518,0,1845,0,2248,0,2381,0,1712,0,2048,0,2048,0,2112,0,2052,0,1522,0,2338,0,2961,0,1635,0,2594,0,1766,0,2154,0,2116,0,2048,0,2503,0,515,511,520,500,0,0,0,0,
1498,0,2518,0,1845,0,2248,0,2381,0,1712,0,2048,0,2048,0,2105,0,2049,0,1533,0,2345,0,2941,0,1618,0,2572,0,1767,0,2143,0,2108,0,2048,0,2503,0,513,514,524,485,0,0,0,0,
1498,0,2518,0,1845,0,2248,0,2381,0,1712,0,2048,0,2048,0,2098,0,2046,0,1546,0,2352,0,2914,0,1600,0,2551,0,1765,0,2130,0,2096,0,2048,0,2503,0,512,518,519,496,0,0,0,0,
1498,0,2518,0,1845,0,2248,0,2381,0,1712,0,2048,0,2048,0,2087,0,2041,0,1560,0,2361,0,2882,0,1582,0,2531,0,1759,0,2111,0,2080,0,2048,0,2503,0,511,519,510,505,0,0,0,0,
1498,0,2518,0,1845,0,2248,0,2381,0,1712,0,2048,0,2048,0,2082,0,2042,0,1577,0,2370,0,2847,0,1563,0,2509,0,1752,0,2103,0,2074,0,2048,0,2503,0,511,519,506,517,0,0,0,0,
1498,0,2518,0,1845,0,2248,0,2381,0,1712,0,2048,0,2048,0,2078,0,2044,0,1594,0,2380,0,2810,0,1543,0,2489,0,1742,0,2097,0,2071,0,2048,0,2503,0,510,519,498,508,0,0,0,0,
1498,0,2518,0,1845,0,2248,0,2381,0,1712,0,2048,0,2048,0,2074,0,2046,0,1611,0,2389,0,2774,0,1523,0,2466,0,1735,0,2091,0,2067,0,2048,0,2503,0,509,519,498,514,0,0,0,0,
1498,0,2518,0,1845,0,2248,0,2381,0,1712,0,2048,0,2048,0,2070,0,2047,0,1628,0,2398,0,2740,0,1503,0,2445,0,1728,0,2085,0,2063,0,2048,0,2503,0,509,519,491,512,0,0,0,0,
1498,0,2518,0,1845,0,2248,0,2381,0,1712,0,2048,0,2048,0,2066,0,2047,0,1643,0,2407,0,2709,0,1485,0,2428,0,1719,0,2080,0,2058,0,2048,0,2503,0,507,520,494,530,0,0,0,0,
1498,0,2518,0,1845,0,2248,0,2381,0,1712,0,2048,0,2048,0,2060,0,2045,0,1654,0,2414,0,2686,0,1467,0,2409,0,1716,0,2071,0,2050,0,2048,0,2503,0,506,519,494,531,0,0,0,0,
1498,0,2518,0,1845,0,2248,0,2381,0,1712,0,2048,0,2048,0,2059,0,2047,0,1663,0,2421,0,2669,0,1451,0,2397,0,1712,0,2068,0,2048,0,2048,0,2503,0,506,515,500,535,0,0,0,0,
1498,0,2518,0,1845,0,2248,0,2381,0,1712,0,2048,0,2048,0,2061,0,2051,0,1666,0,2427,0,2662,0,1439,0,2393,0,1705,0,2075,0,2055,0,2048,0,2503,0,506,513,486,548,0,0,0,0,
1498,0,2518,0,1845,0,2248,0,2381,0,1712,0,2048,0,2048,0,2062,0,2052,0,1665,0,2432,0,2665,0,1429,0,2395,0,1700,0,2076,0,2056,0,2048,0,2503,0,507,511,484,526,0,0,0,0,
1498,0,2518,0,1845,0,2248,0,2381,0,1712,0,2048,0,2048,0,2061,0,2051,0,1661,0,2436,0,2672,0,1422,0,2402,0,1693,0,2076,0,2056,0,2048,0,2503,0,510,509,463,494,0,0,0,0,
1498,0,2518,0,1845,0,2248,0,2381,0,1712,0,2048,0,2048,0,2062,0,2053,0,1658,0,2438,0,2675,0,1420,0,2414,0,1681,0,2077,0,2058,0,2048,0,2503,0,525,510,552,468,0,0,0,0,
1498,0,2518,0,1845,0,2248,0,2381,0,1712,0,2048,0,2048,0,2057,0,2048,0,1657,0,2440,0,2665,0,1431,0,2461,0,1635,0,2067,0,2048,0,2048,0,2503,0,523,512,498,492,0,0,0,0,
1498,0,2518,0,1845,0,2248,0,2381,0,1712,0,2048,0,2048,0,2052,0,2044,0,1656,0,2440,0,2668,0,1428,0,2455,0,1641,0,2057,0,2039,0,2048,0,2503,0,518,518,488,463,0,0,0,0,
1498,0,2518,0,1845,0,2248,0,2381,0,1712,0,2048,0,2048,0,2039,0,2030,0,1657,0,2439,0,2672,0,1425,0,2439,0,1657,0,2031,0,2012,0,2048,0,2503,0,517,520,505,468,0,0,0,0,
1498,0,2518,0,1845,0,2248,0,2381,0,1712,0,2048,0,2048,0,2034,0,2024,0,1659,0,2437,0,2669,0,1429,0,2434,0,1662,0,2020,0,2000,0,2048,0,2503,0,514,523,518,493,0,0,0,0,
1498,0,2518,0,1845,0,2248,0,2381,0,1712,0,2048,0,2048,0,2026,0,2016,0,1662,0,2433,0,2665,0,1433,0,2422,0,1675,0,2004,0,1984,0,2048,0,2503,0,512,522,498,510,0,0,0,0,
1498,0,2518,0,1845,0,2248,0,2381,0,1712,0,2048,0,2048,0,2025,0,2015,0,1666,0,2430,0,2657,0,1439,0,2411,0,1685,0,2001,0,1981,0,2048,0,2503,0,511,520,506,505,0,0,0,0,
1498,0,2518,0,1845,0,2248,0,2381,0,1712,0,2048,0,2048,0,2026,0,2015,0,1671,0,2431,0,2646,0,1437,0,2402,0,1686,0,2002,0,1982,0,2048,0,2503,0,509,519,492,525,0,0,0,0,
1498,0,2518,0,1845,0,2248,0,2381,0,1712,0,2048,0,2048,0,2027,0,2014,0,1678,0,2437,0,2634,0,1422,0,2389,0,1686,0,2000,0,1979,0,2048,0,2503,0,509,518,486,537,0,0,0,0,
1498,0,2518,0,1845,0,2248,0,2381,0,1712,0,2048,0,2048,0,2027,0,2011,0,1685,0,2447,0,2619,0,1401,0,2381,0,1675,0,1997,0,1976,0,2048,0,2503,0,510,519,490,519,0,0,0,0,
1498,0,2518,0,1845,0,2248,0,2381,0,1712,0,2048,0,2048,0,2027,0,2006,0,1694,0,2461,0,2601,0,1373,0,2376,0,1657,0,1990,0,1968,0,2048,0,2503,0,507,519,490,530,0,0,0,0,
1498,0,2518,0,1845,0,2248,0,2381,0,1712,0,2048,0,2048,0,2028,0,2002,0,1702,0,2476,0,2586,0,1337,0,2357,0,1648,0,1985,0,1962,0,2048,0,2503,0,506,520,487,511,0,0,0,0,
1498,0,2518,0,1845,0,2248,0,2381,0,1712,0,2048,0,2048,0,2027,0,1996,0,1712,0,2493,0,2567,0,1300,0,2344,0,1632,0,1978,0,1953,0,2048,0,2503,0,504,522,488,505,0,0,0,0,
1498,0,2518,0,1845,0,2248,0,2381,0,1712,0,2048,0,2048,0,2026,0,1989,0,1721,0,2511,0,2550,0,1261,0,2328,0,1618,0,1968,0,1940,0,2048,0,2503,0,504,522,490,473,0,0,0,0,
1498,0,2518,0,1845,0,2248,0,2381,0,1712,0,2048,0,2048,0,2028,0,1985,0,1730,0,2527,0,2531,0,1224,0,2318,0,1599,0,1964,0,1935,0,2048,0,2503,0,506,524,460,467,0,0,0,0,
1498,0,2518,0,1845,0,2248,0,2381,0,1712,0,2048,0,2048,0,2026,0,1977,0,1739,0,2543,0,2510,0,1192,0,2314,0,1574,0,1955,0,1922,0,2048,0,2503,0,512,527,469,488,0,0,0,0,
1498,0,2518,0,1845,0,2248,0,2381,0,1712,0,2048,0,2048,0,2023,0,1969,0,1748,0,2557,0,2488,0,1167,0,2324,0,1540,0,1942,0,1908,0,2048,0,2503,0,514,524,481,535,0,0,0,0,
1498,0,2518,0,1845,0,2248,0,2381,0,1712,0,2048,0,2048,0,2028,0,1971,0,1755,0,2569,0,2472,0,1142,0,2322,0,1520,0,1951,0,1914,0,2048,0,2503,0,514,522,485,505,0,0,0,0,
1498,0,2518,0,1845,0,2248,0,2381,0,1712,0,2048,0,2048,0,2034,0,1972,0,1761,0,2578,0,2460,0,1121,0,2316,0,1509,0,1956,0,1917,0,2048,0,2503,0,515,520,493,524,0,0,0,0,
1498,0,2518,0,1845,0,2248,0,2381,0,1712,0,2048,0,2048,0,2038,0,1973,0,1765,0,2585,0,2450,0,1108,0,2314,0,1498,0,1962,0,1922,0,2048,0,2503,0,517,519,501,520,0,0,0,0,
1498,0,2518,0,1845,0,2248,0,2381,0,1712,0,2048,0,2048,0,2041,0,1974,0,1768,0,2589,0,2443,0,1102,0,2317,0,1487,0,1965,0,1924,0,2048,0,2503,0,518,519,507,511,0,0,0,0,
1498,0,2518,0,1845,0,2248,0,2381,0,1712,0,2048,0,2048,0,2041,0,1974,0,1768,0,2589,0,2440,0,1101,0,2320,0,1483,0,1965,0,1923,0,2048,0,2503,0,519,518,500,513,0,0,0,0,
1498,0,2518,0,1845,0,2248,0,2381,0,1712,0,2048,0,2048,0,2041,0,1976,0,1767,0,2587,0,2443,0,1107,0,2324,0,1483,0,1968,0,1927,0,2048,0,2503,0,523,515,498,511,0,0,0,0,
1498,0,2518,0,1845,0,2248,0,2381,0,1712,0,2048,0,2048,0,2045,0,1982,0,1763,0,2582,0,2446,0,1122,0,2340,0,1477,0,1979,0,1939,0,2048,0,2503,0,523,512,499,505,0,0,0,0,
1498,0,2518,0,1845,0,2248,0,2381,0,1712,0,2048,0,2048,0,2049,0,1989,0,1758,0,2574,0,2456,0,1140,0,2345,0,1487,0,1990,0,1952,0,2048,0,2503,0,515,507,511,524,0,0,0,0,
1498,0,2518,0,1845,0,2248,0,2381,0,1712,0,2048,0,2048,0,2056,0,2000,0,1751,0,2563,0,2478,0,1155,0,2329,0,1524,0,2007,0,1972,0,2048,0,2503,0,512,506,509,519,0,0,0,0,
1498,0,2518,0,1845,0,2248,0,2381,0,1712,0,2048,0,2048,0,2057,0,2005,0,1744,0,2550,0,2496,0,1182,0,2328,0,1548,0,2014,0,1980,0,2048,0,2503,0,512,506,519,514,0,0,0,0,
1498,0,2518,0,1845,0,2248,0,2381,0,1712,0,2048,0,2048,0,2055,0,2009,0,1735,0,2536,0,2514,0,1214,0,2337,0,1565,0,2016,0,1985,0,2048,0,2503,0,513,505,500,507,0,0,0,0,
1498,0,2518,0,1845,0,2248,0,2381,0,1712,0,2048,0,2048,0,2054,0,2014,0,1726,0,2519,0,2533,0,1249,0,2350,0,1581,0,2022,0,1993,0,2048,0,2503,0,512,504,506,499,0,0,0,0,
1498,0,2518,0,1845,0,2248,0,2381,0,1712,0,2048,0,2048,0,2054,0,2020,0,1716,0,2502,0,2553,0,1286,0,2357,0,1604,0,2028,0,2002,0,2048,0,2503,0,512,505,511,492,0,0,0,0,
1498,0,2518,0,1845,0,2248,0,2381,0,1712,0,2048,0,2048,0,2050,0,2022,0,1707,0,2485,0,2572,0,1323,0,2367,0,1624,0,2029,0,2005,0,2048,0,2503,0,512,505,502,488,0,0,0,0,
1498,0,2518,0,1845,0,2248,0,2381,0,1712,0,2048,0,2048,0,2049,0,2026,0,1698,0,2468,0,2591,0,1358,0,2377,0,1642,0,2033,0,2011,0,2048,0,2503,0,510,504,506,484,0,0,0,0,
1498,0,2518,0,1845,0,2248,0,2381,0,1712,0,2048,0,2048,0,2051,0,2032,0,1689,0,2453,0,2610,0,1388,0,2380,0,1665,0,2041,0,2019,0,2048,0,2503,0,510,504,514,489,0,0,0,0,
1498,0,2518,0,1845,0,2248,0,2381,0,1712,0,2048,0,2048,0,2051,0,2036,0,1682,0,2442,0,2626,0,1413,0,2389,0,1678,0,2046,0,2025,0,2048,0,2503,0,510,505,491,477,0,0,0,0,
1498,0,2518,0,1845,0,2248,0,2381,0,1712,0,2048,0,2048,0,2049,0,2037,0,1675,0,2433,0,2641,0,1431,0,2396,0,1687,0,2048,0,2028,0,2048,0,2503,0,507,507,487,485,0,0,0,0,
